project,date,dx_codeReviewDuration,dx_debuggingTime,dx_successfulDeploymentsRatio,dx_timeToFirstCommit,dx_linesChangedPerHour,dx_averageCommentsPerPR,dx_prIterationRate,tp_buildTime,tp_bundleSize,tp_bundleLoadTime,tp_performanceScore,tp_typeScriptErrorRate,tp_testCoverage,bi_timeToMarket,bi_featureSuccessRate,bi_activeContributors,bi_issueResolutionRate,bi_communityGrowth
microsoft/TypeScript,2025-04-30T21:00:00.000Z,529.6695833333333,53.13305555555556,0.95,2.5,2.8210983734356403,26,1,600,2928288768,29282887.68,60,0.44199999999999995,95,33.962456018518516,0.7692307692307693,8,0.11904761904761904,106.339
microsoft/TypeScript,2025-05-31T21:00:00.000Z,529.6695833333333,53.13305555555556,0.95,2.5,2.8210983734356403,26,1,600,2928288768,29282887.68,60,0.44199999999999995,95,33.962456018518516,0.7692307692307693,8,0.11904761904761904,106.339
microsoft/TypeScript,2025-06-30T21:00:00.000Z,458.3075,53.13305555555556,0.95,2.5,18.34270658891683,22.2,1,600,2928288768,29282887.68,60,0.44199999999999995,95,31.647989004629625,0.75,8,0.11904761904761904,106.339
microsoft/TypeScript,2025-07-31T21:00:00.000Z,458.3075,53.13305555555556,0.95,2.5,18.34270658891683,22.2,1,600,2928288768,29282887.68,60,0.44199999999999995,95,31.647989004629625,0.7058823529411765,8,0.11904761904761904,106.339
microsoft/TypeScript,2025-08-31T21:00:00.000Z,458.3075,53.13305555555556,0.95,2.5,18.34270658891683,22.2,1,600,2928288768,29282887.68,60,0.44199999999999995,95,18.005828240740744,0.6410256410256411,14,0.10869565217391304,106.339
microsoft/TypeScript,2025-09-30T21:00:00.000Z,464.081917989418,11451.133333333333,0.95,2.5,0.22071226535248675,7.7,0.4,600,2928288768,29282887.68,60,0.44199999999999995,95,17.311349487785648,0.5802469135802469,20,0.12244897959183673,106.339
angular/angular,2025-04-30T21:00:00.000Z,,,0.95,2.5,,,,600,585945088,5859450.88,60,0.27,95,,,,,99.054
angular/angular,2025-05-31T21:00:00.000Z,,,0.95,2.5,,,,600,585945088,5859450.88,60,0.27,95,,,,,99.054
angular/angular,2025-06-30T21:00:00.000Z,,,0.95,2.5,,,,600,585945088,5859450.88,60,0.27,95,,,,,99.054
angular/angular,2025-07-31T21:00:00.000Z,,,0.95,2.5,,,,600,585945088,5859450.88,60,0.27,95,,,,,99.054
angular/angular,2025-08-31T21:00:00.000Z,,,0.95,2.5,,,,600,585945088,5859450.88,60,0.27,95,,,,,99.054
angular/angular,2025-09-30T21:00:00.000Z,15.709444444444443,2895.4737962962968,0.95,2.5,61.1097358277045,2,0.5,600,585945088,5859450.88,60,0.27,95,0.6545601851851852,0.04878048780487805,2,0.16666666666666666,99.054
remix-run/remix,2025-04-30T21:00:00.000Z,18.092222222222222,840.7045833333335,0.95,2.5,1.2712645089971135,3,1,600,68575232,685752.32,60,0.1693548387096774,85,3.913148148148148,0.5,1,1,31.709
remix-run/remix,2025-05-31T21:00:00.000Z,24.246388888888887,3103.370524691358,0.95,2.5,251.41888253691846,3,0.6666666666666666,600,68575232,685752.32,60,0.1693548387096774,85,1.722834201388889,0.1951219512195122,3,1,31.709
remix-run/remix,2025-06-30T21:00:00.000Z,48.1535,2793.037194444444,0.95,2.5,76.1315376867725,2.4,0.6,600,68575232,685752.32,60,0.1693548387096774,85,3.795586419753086,0.3620689655172414,5,1,31.709
remix-run/remix,2025-07-31T21:00:00.000Z,22.329143518518517,2221.7254700854696,0.95,2.5,165.4937337954156,1.7,0.6,600,68575232,685752.32,60,0.1693548387096774,85,2.8871395502645503,0.4,7,0.9285714285714286,31.709
remix-run/remix,2025-08-31T21:00:00.000Z,14.340583333333333,2065.735833333333,0.95,2.5,65.00781581409403,0.7,0.3,600,68575232,685752.32,60,0.1693548387096774,85,2.267383937757202,0.4235294117647059,10,0.875,31.709
remix-run/remix,2025-09-30T21:00:00.000Z,36.86667508417509,1854.9616666666664,0.95,2.5,17.18395136172955,0.2,0.3,600,68575232,685752.32,60,0.1693548387096774,85,2.456469671201814,0.49,10,0.8275862068965517,31.709
vitejs/vite,2025-04-30T21:00:00.000Z,30.022777777777776,,0.95,2.5,0.13323217557040026,13,1,600,59688960,596889.6,60,0.22777777777777775,95,1.250949074074074,0.5,1,,75.72
vitejs/vite,2025-05-31T21:00:00.000Z,30.022777777777776,,0.95,2.5,0.13323217557040026,13,1,600,59688960,596889.6,60,0.22777777777777775,95,1.250949074074074,0.5,1,,75.72
vitejs/vite,2025-06-30T21:00:00.000Z,30.022777777777776,,0.95,2.5,0.13323217557040026,13,1,600,59688960,596889.6,60,0.22777777777777775,95,1.250949074074074,0.5,1,,75.72
vitejs/vite,2025-07-31T21:00:00.000Z,30.022777777777776,,0.95,2.5,0.13323217557040026,13,1,600,59688960,596889.6,60,0.22777777777777775,95,1.250949074074074,0.5,1,,75.72
vitejs/vite,2025-08-31T21:00:00.000Z,30.022777777777776,,0.95,2.5,0.13323217557040026,13,1,600,59688960,596889.6,60,0.22777777777777775,95,0.43378086419753087,0.75,3,,75.72
vitejs/vite,2025-09-30T21:00:00.000Z,1365.025524691358,1641.9758333333334,0.95,2.5,0.1266561582633997,3.111111111111111,0.5555555555555556,600,59688960,596889.6,60,0.22777777777777775,95,18.231505537400142,0.7611940298507462,22,0.7878787878787878,75.72
remix-run/react-router,2025-04-30T21:00:00.000Z,191.22944444444445,29.96027777777778,0.95,2.5,0.4183456173938811,11,1,600,43982848,439828.48,60,0.1760869565217391,95,4.117118055555555,0.6666666666666666,2,0.5714285714285714,55.599
remix-run/react-router,2025-05-31T21:00:00.000Z,191.22944444444445,308.2204444444444,0.95,2.5,0.4183456173938811,11,1,600,43982848,439828.48,60,0.1760869565217391,95,4.117118055555555,0.6666666666666666,2,0.6666666666666666,55.599
remix-run/react-router,2025-06-30T21:00:00.000Z,191.22944444444445,308.2204444444444,0.95,2.5,0.4183456173938811,11,1,600,43982848,439828.48,60,0.1760869565217391,95,4.117118055555555,0.4,2,0.6363636363636364,55.599
remix-run/react-router,2025-07-31T21:00:00.000Z,191.22944444444445,308.2204444444444,0.95,2.5,0.4183456173938811,11,1,600,43982848,439828.48,60,0.1760869565217391,95,4.117118055555555,0.3333333333333333,2,0.5384615384615384,55.599
remix-run/react-router,2025-08-31T21:00:00.000Z,191.22944444444445,308.2204444444444,0.95,2.5,0.4183456173938811,11,1,600,43982848,439828.48,60,0.1760869565217391,95,6.3590061728395035,0.7142857142857143,8,0.5,55.599
remix-run/react-router,2025-09-30T21:00:00.000Z,236.7134461805555,594.5915555555556,0.95,2.5,0.3919559767180703,2.5,0.4,600,43982848,439828.48,60,0.1760869565217391,95,5.682564846524609,0.8111111111111111,19,0.65625,55.599
storybookjs/storybook,2025-04-30T21:00:00.000Z,19.21027777777778,2825.6931481481483,0.95,2.5,1.4991974782017727,1.2,0.4,600,1082465280,10824652.8,60,0.1875,95,2.3566070601851856,0.6896551724137931,13,0.375,87.919
storybookjs/storybook,2025-05-31T21:00:00.000Z,19.21027777777778,2232.2147222222225,0.95,2.5,1.4991974782017727,1.2,0.4,600,1082465280,10824652.8,60,0.1875,95,2.3566070601851856,0.6896551724137931,13,0.4,87.919
storybookjs/storybook,2025-06-30T21:00:00.000Z,26.75300925925926,2232.2147222222225,0.95,2.5,0.9656234587663207,1.5,0.3333333333333333,600,1082465280,10824652.8,60,0.1875,95,3.0856007996633,0.7096774193548387,15,0.45454545454545453,87.919
storybookjs/storybook,2025-07-31T21:00:00.000Z,209.97204861111112,2232.2147222222225,0.95,2.5,0.251819231891811,3.75,0.375,600,1082465280,10824652.8,60,0.1875,95,5.6533296296296305,0.7352941176470589,16,0.45454545454545453,87.919
storybookjs/storybook,2025-08-31T21:00:00.000Z,186.77274691358025,2232.2147222222225,0.95,2.5,0.25640190916636824,3.7777777777777777,0.3333333333333333,600,1082465280,10824652.8,60,0.1875,95,5.25610468106996,0.75,16,0.35714285714285715,87.919
storybookjs/storybook,2025-09-30T21:00:00.000Z,531.0135714285715,2232.2147222222225,0.95,2.5,0.28207511511005234,4.7,0.4,600,1082465280,10824652.8,60,0.1875,95,10.748296996124031,0.6615384615384615,23,0.25,87.919
nestjs/nest,2025-04-30T21:00:00.000Z,0.49444444444444446,,0.95,2.5,16.179775280898877,4,,600,451402752,4514027.52,60,0.22499999999999998,95,0.02060185185185185,1,1,0.5,72.991
nestjs/nest,2025-05-31T21:00:00.000Z,0.49444444444444446,,0.95,2.5,16.179775280898877,4,,600,451402752,4514027.52,60,0.22499999999999998,95,0.02060185185185185,1,1,0.42857142857142855,72.991
nestjs/nest,2025-06-30T21:00:00.000Z,0.49444444444444446,,0.95,2.5,16.179775280898877,4,,600,451402752,4514027.52,60,0.22499999999999998,95,0.02060185185185185,1,1,0.375,72.991
nestjs/nest,2025-07-31T21:00:00.000Z,0.49444444444444446,,0.95,2.5,16.179775280898877,4,,600,451402752,4514027.52,60,0.22499999999999998,95,0.02060185185185185,1,1,0.4444444444444444,72.991
nestjs/nest,2025-08-31T21:00:00.000Z,0.49444444444444446,,0.95,2.5,16.179775280898877,4,,600,451402752,4514027.52,60,0.22499999999999998,95,0.8555092592592592,1,2,0.4444444444444444,72.991
nestjs/nest,2025-09-30T21:00:00.000Z,0.49444444444444446,,0.95,2.5,16.179775280898877,4,,600,451402752,4514027.52,60,0.22499999999999998,95,2.115203072390572,0.75,4,0.4,72.991
withastro/astro,2025-04-30T21:00:00.000Z,13.974126984126986,,0.95,2.5,1.5675227461181092,4.8,0.7,600,206703616,2067036.16,60,0.18,95,0.9953551625753662,0.9247311827956989,21,0.6,53.748
withastro/astro,2025-05-31T21:00:00.000Z,13.97412698412698,,0.95,2.5,1.5675227461181098,4.8,0.7,600,206703616,2067036.16,60,0.18,95,1.0116597222222223,0.9139784946236559,19,0.6,53.748
withastro/astro,2025-06-30T21:00:00.000Z,13.974126984126986,,0.95,2.5,1.5675227461181092,4.8,0.7,600,206703616,2067036.16,60,0.18,95,1.0116597222222223,0.9139784946236559,19,0.6,53.748
withastro/astro,2025-07-31T21:00:00.000Z,13.974126984126986,,0.95,2.5,1.5675227461181092,4.8,0.7,600,206703616,2067036.16,60,0.18,95,1.0116597222222223,0.9139784946236559,19,0.6,53.748
withastro/astro,2025-08-31T21:00:00.000Z,13.974126984126986,,0.95,2.5,1.5675227461181092,4.8,0.7,600,206703616,2067036.16,60,0.18,95,1.0116597222222223,0.9139784946236559,19,0.6,53.748
withastro/astro,2025-09-30T21:00:00.000Z,13.974126984126986,,0.95,2.5,1.5675227461181092,4.8,0.7,600,206703616,2067036.16,60,0.18,95,1.0116597222222223,0.9139784946236559,19,0.6,53.748
BuilderIO/qwik,2025-04-30T21:00:00.000Z,,,0.95,2.5,,,,600,62865408,628654.08,60,0.2863636363636364,85,,,,,21.715
BuilderIO/qwik,2025-05-31T21:00:00.000Z,,,0.95,2.5,,,,600,62865408,628654.08,60,0.2863636363636364,85,,,,,21.715
BuilderIO/qwik,2025-06-30T21:00:00.000Z,,,0.95,2.5,,,,600,62865408,628654.08,60,0.2863636363636364,85,,,,,21.715
BuilderIO/qwik,2025-07-31T21:00:00.000Z,195.19305555555556,,0.95,2.5,0.1434477262539224,3,1,600,62865408,628654.08,60,0.2863636363636364,85,8.133043981481482,0.3333333333333333,1,,21.715
BuilderIO/qwik,2025-08-31T21:00:00.000Z,195.19305555555556,103.48416666666667,0.95,2.5,0.1434477262539224,3,1,600,62865408,628654.08,60,0.2863636363636364,85,1.1863802083333332,0.6666666666666666,2,1,21.715
BuilderIO/qwik,2025-09-30T21:00:00.000Z,180.46678240740744,4831.727142857143,0.95,2.5,7.671310189048076,3.4,0.7,600,62865408,628654.08,60,0.2863636363636364,85,3.3634204664570233,0.7794117647058824,9,0.8333333333333334,21.715
trpc/trpc,2025-04-30T21:00:00.000Z,,,0.95,2.5,,,,600,54971392,549713.92,60,0.3214285714285714,85,,,,,38.624
trpc/trpc,2025-05-31T21:00:00.000Z,,,0.95,2.5,,,,600,54971392,549713.92,60,0.3214285714285714,85,16.838697471509974,0.8666666666666667,10,,38.624
trpc/trpc,2025-06-30T21:00:00.000Z,,356.9179629629629,0.95,2.5,,,,600,54971392,549713.92,60,0.3214285714285714,85,8.698449404761906,0.8333333333333334,17,,38.624
trpc/trpc,2025-07-31T21:00:00.000Z,,316.8357323232323,0.95,2.5,,,,600,54971392,549713.92,60,0.3214285714285714,85,8.270611449864498,0.82,21,,38.624
trpc/trpc,2025-08-31T21:00:00.000Z,186.47438888888888,586.4302951388889,0.95,2.5,0.3045994698706018,5.3,0.5,600,54971392,549713.92,60,0.3214285714285714,85,8.136456473214285,0.835820895522388,25,0.15384615384615385,38.624
trpc/trpc,2025-09-30T21:00:00.000Z,129.76058333333336,510.55911616161626,0.95,2.5,0.7978154639923396,7,0.5,600,54971392,549713.92,60,0.3214285714285714,85,6.856329732510287,0.8350515463917526,33,0.28125,38.624
mui/material-ui,2025-04-30T21:00:00.000Z,48.84761111111111,130.14222222222222,0.95,2.5,3.103529457257662,3.6,0.4,600,714773504,7147735.04,60,0.22499999999999998,95,8.93034163473819,0.9666666666666667,31,0.25,96.764
mui/material-ui,2025-05-31T21:00:00.000Z,48.847611111111114,130.14222222222222,0.95,2.5,3.1035294572576615,3.6,0.4,600,714773504,7147735.04,60,0.22499999999999998,95,8.93034163473819,0.9666666666666667,31,0.25,96.764
mui/material-ui,2025-06-30T21:00:00.000Z,48.84761111111111,130.14222222222222,0.95,2.5,3.103529457257662,3.6,0.4,600,714773504,7147735.04,60,0.22499999999999998,95,8.93034163473819,0.9666666666666667,31,0.25,96.764
mui/material-ui,2025-07-31T21:00:00.000Z,48.84761111111111,130.14222222222222,0.95,2.5,3.103529457257662,3.6,0.4,600,714773504,7147735.04,60,0.22499999999999998,95,8.93034163473819,0.9508196721311475,31,0.2222222222222222,96.764
mui/material-ui,2025-08-31T21:00:00.000Z,48.84761111111111,130.14222222222222,0.95,2.5,3.103529457257662,3.6,0.4,600,714773504,7147735.04,60,0.22499999999999998,95,8.93034163473819,0.9508196721311475,31,0.2,96.764
mui/material-ui,2025-09-30T21:00:00.000Z,75.71543402777776,130.14222222222222,0.95,2.5,3.972109568699873,4.5,0.5,600,714773504,7147735.04,60,0.22499999999999998,95,9.325927662037035,0.9523809523809523,33,0.18181818181818182,96.764
ant-design/ant-design,2025-04-30T21:00:00.000Z,99.52534722222222,119.445,0.95,2.5,2.5018752202293526,5.25,0.5,600,243824640,2438246.4,60,0.16034482758620688,95,4.146889467592592,0.5,4,0.5,96.317
ant-design/ant-design,2025-05-31T21:00:00.000Z,99.52534722222222,119.445,0.95,2.5,2.5018752202293526,5.25,0.5,600,243824640,2438246.4,60,0.16034482758620688,95,4.146889467592592,0.5,4,0.5,96.317
ant-design/ant-design,2025-06-30T21:00:00.000Z,99.52534722222222,119.445,0.95,2.5,2.5018752202293526,5.25,0.5,600,243824640,2438246.4,60,0.16034482758620688,95,4.146889467592592,0.5,4,0.5,96.317
ant-design/ant-design,2025-07-31T21:00:00.000Z,99.52534722222222,119.445,0.95,2.5,2.5018752202293526,5.25,0.5,600,243824640,2438246.4,60,0.16034482758620688,95,3.3800902777777773,0.5555555555555556,5,0.5,96.317
ant-design/ant-design,2025-08-31T21:00:00.000Z,99.52534722222222,119.445,0.95,2.5,2.5018752202293526,5.25,0.5,600,243824640,2438246.4,60,0.16034482758620688,95,2.7022089947089944,0.6363636363636364,5,0.5,96.317
ant-design/ant-design,2025-09-30T21:00:00.000Z,94.06649999999999,119.445,0.95,2.5,5.929847501501597,7.8,0.6,600,243824640,2438246.4,60,0.16034482758620688,95,9.752911002758076,0.8545454545454545,7,0.45454545454545453,96.317
chakra-ui/chakra-ui,2025-04-30T21:00:00.000Z,28.1075,1628.4966666666667,0.95,2.5,0.8538646268789468,4,1,600,285240320,2852403.2,60,0.19375,85,1.0685648148148148,1,2,1,39.789
chakra-ui/chakra-ui,2025-05-31T21:00:00.000Z,28.1075,1628.4966666666667,0.95,2.5,0.8538646268789468,4,1,600,285240320,2852403.2,60,0.19375,85,41.29145833333333,1,3,1,39.789
chakra-ui/chakra-ui,2025-06-30T21:00:00.000Z,28.1075,1628.4966666666667,0.95,2.5,0.8538646268789468,4,1,600,285240320,2852403.2,60,0.19375,85,26.26306327160494,1,5,1,39.789
chakra-ui/chakra-ui,2025-07-31T21:00:00.000Z,28.1075,1628.4966666666667,0.95,2.5,0.8538646268789468,4,1,600,285240320,2852403.2,60,0.19375,85,6.346712962962964,0.8974358974358975,14,1,39.789
chakra-ui/chakra-ui,2025-08-31T21:00:00.000Z,39.082878787878784,1628.4966666666667,0.95,2.5,11.13019341182491,2.3,0.3,600,285240320,2852403.2,60,0.19375,85,4.354575066137566,0.8888888888888888,18,1,39.789
chakra-ui/chakra-ui,2025-09-30T21:00:00.000Z,82.63246296296295,1628.4966666666667,0.95,2.5,0.564346404078928,2,0.2,600,285240320,2852403.2,60,0.19375,85,4.389783950617284,0.872093023255814,27,0.9761904761904762,39.789
mantinedev/mantine,2025-04-30T21:00:00.000Z,75.84,2.734722222222222,0.95,2.5,3.3359704641350207,6,1,600,203904000,2039040,60,0.175,85,2.0231635802469135,1,2,0.875,29.827
mantinedev/mantine,2025-05-31T21:00:00.000Z,75.84,2.734722222222222,0.95,2.5,3.3359704641350207,6,1,600,203904000,2039040,60,0.175,85,2.0231635802469135,1,2,0.875,29.827
mantinedev/mantine,2025-06-30T21:00:00.000Z,75.84,2.734722222222222,0.95,2.5,3.3359704641350207,6,1,600,203904000,2039040,60,0.175,85,2.437331018518518,1,5,0.875,29.827
mantinedev/mantine,2025-07-31T21:00:00.000Z,75.84,2.734722222222222,0.95,2.5,3.3359704641350207,6,1,600,203904000,2039040,60,0.175,85,7.982583061002179,0.7906976744186046,25,0.6363636363636364,29.827
mantinedev/mantine,2025-08-31T21:00:00.000Z,93.51398611111111,2.734722222222222,0.95,2.5,0.24381379671816766,1.8,0.5,600,203904000,2039040,60,0.175,85,6.282229872881356,0.8082191780821918,46,0.6428571428571429,29.827
mantinedev/mantine,2025-09-30T21:00:00.000Z,90.57041666666666,2.734722222222222,0.95,2.5,0.13214855844209616,1.4,0.2,600,203904000,2039040,60,0.175,85,5.823715440792905,0.797752808988764,55,0.8775510204081632,29.827
radix-ui/primitives,2025-04-30T21:00:00.000Z,542.560462962963,2815.3406666666665,0.95,2.5,0.23346092336867047,11,0.6666666666666666,600,22098944,220989.44,78.419,0.16125,85,9.430631872106478,0.5614035087719298,12,0.2830188679245283,17.978
radix-ui/primitives,2025-05-31T21:00:00.000Z,231.03876984126987,2815.3406666666665,0.95,2.5,0.5568020347028267,4.3,0.4,600,22098944,220989.44,78.419,0.16125,85,8.57518087855297,0.5972222222222222,13,0.2777777777777778,17.978
radix-ui/primitives,2025-06-30T21:00:00.000Z,231.03876984126987,2815.3406666666665,0.95,2.5,0.5568020347028267,4.3,0.4,600,22098944,220989.44,78.419,0.16125,85,8.57518087855297,0.5733333333333334,13,0.2727272727272727,17.978
radix-ui/primitives,2025-07-31T21:00:00.000Z,995.6786882716054,2815.3406666666665,0.95,2.5,0.06450095093800322,4.9,0.6,600,22098944,220989.44,78.419,0.16125,85,20.86636549448384,0.5164835164835165,14,0.2857142857142857,17.978
radix-ui/primitives,2025-08-31T21:00:00.000Z,994.7876058201063,4445.979259259259,0.95,2.5,0.0344174927771333,5.4,0.7,600,22098944,220989.44,78.419,0.16125,85,22.087986342592586,0.5154639175257731,16,0.265625,17.978
radix-ui/primitives,2025-09-30T21:00:00.000Z,994.7876058201063,4445.979259259259,0.95,2.5,0.0344174927771333,5.4,0.7,600,22098944,220989.44,78.419,0.16125,85,22.087986342592586,0.5050505050505051,16,0.25675675675675674,17.978
shadcn-ui/ui,2025-04-30T21:00:00.000Z,,417.17583333333334,0.95,2.5,,,,600,38637568,386375.68,62.268,0.18157894736842103,95,,,,0.35714285714285715,97.287
shadcn-ui/ui,2025-05-31T21:00:00.000Z,,417.17583333333334,0.95,2.5,,,,600,38637568,386375.68,62.268,0.18157894736842103,95,,,,0.3333333333333333,97.287
shadcn-ui/ui,2025-06-30T21:00:00.000Z,,417.17583333333334,0.95,2.5,,,,600,38637568,386375.68,62.268,0.18157894736842103,95,,,,0.29411764705882354,97.287
shadcn-ui/ui,2025-07-31T21:00:00.000Z,,417.17583333333334,0.95,2.5,,,,600,38637568,386375.68,62.268,0.18157894736842103,95,,,,0.2777777777777778,97.287
shadcn-ui/ui,2025-08-31T21:00:00.000Z,,417.17583333333334,0.95,2.5,,,,600,38637568,386375.68,62.268,0.18157894736842103,95,,,,0.2777777777777778,97.287
shadcn-ui/ui,2025-09-30T21:00:00.000Z,,1459.0912962962964,0.95,2.5,,,,600,38637568,386375.68,62.268,0.18157894736842103,95,1.4272878086419754,0.07894736842105263,3,0.3157894736842105,97.287
tailwindlabs/headlessui,2025-04-30T21:00:00.000Z,5.124722222222222,,0.95,2.5,32.87983088514282,1.75,1,600,7260160,72601.6,92.91,0.16428571428571428,85,0.7060974326599324,0.8,9,0.03571428571428571,28.029
tailwindlabs/headlessui,2025-05-31T21:00:00.000Z,13.73060606060606,,0.95,2.5,22.987795458056542,3.2,0.9,600,7260160,72601.6,92.91,0.16428571428571428,85,0.7158306100217865,0.7846153846153846,10,0.03571428571428571,28.029
tailwindlabs/headlessui,2025-06-30T21:00:00.000Z,28.605949074074065,,0.95,2.5,9.138541986135042,3.3,0.8,600,7260160,72601.6,92.91,0.16428571428571428,85,0.8560988693019944,0.7878787878787878,11,0.03508771929824561,28.029
tailwindlabs/headlessui,2025-07-31T21:00:00.000Z,44.44896604938272,,0.95,2.5,2.2835176837911977,3.7,0.9,600,7260160,72601.6,92.91,0.16428571428571428,85,1.0957050207535124,0.7837837837837838,11,0.03508771929824561,28.029
tailwindlabs/headlessui,2025-08-31T21:00:00.000Z,40.0315,,0.95,2.5,1.8885127961730137,4.3,0.9,600,7260160,72601.6,92.91,0.16428571428571428,85,1.0595625000000002,0.7894736842105263,11,0.03508771929824561,28.029
tailwindlabs/headlessui,2025-09-30T21:00:00.000Z,562.3750877192983,,0.95,2.5,0.04950807009618977,3.2,1,600,7260160,72601.6,92.91,0.16428571428571428,85,11.803094729344728,0.78,13,0.30864197530864196,28.029
react-bootstrap/react-bootstrap,2025-04-30T21:00:00.000Z,714.2296388888889,1866.9922685185184,0.95,2.5,2.765357095895123,0.9,0.6,600,33489920,334899.2,67.295,0.1891304347826087,85,14.102793311403508,0.4935064935064935,11,0.5,22.607
react-bootstrap/react-bootstrap,2025-05-31T21:00:00.000Z,506.7012222222222,2827.908134920635,0.95,2.5,3.0496604288611016,0.8,0.5,600,33489920,334899.2,67.295,0.1891304347826087,85,12.906947136089578,0.5119047619047619,11,0.625,22.607
react-bootstrap/react-bootstrap,2025-06-30T21:00:00.000Z,426.797237654321,2827.908134920635,0.95,2.5,2.5673132943510013,0.9,0.3,600,33489920,334899.2,67.295,0.1891304347826087,85,12.139312852254427,0.5287356321839081,12,0.6153846153846154,22.607
react-bootstrap/react-bootstrap,2025-07-31T21:00:00.000Z,399.1033333333334,2628.0963715277776,0.95,2.5,0.2118385076850303,0.5,0.2,600,33489920,334899.2,67.295,0.1891304347826087,85,12.083103703703706,0.5376344086021505,14,0.5806451612903226,22.607
react-bootstrap/react-bootstrap,2025-08-31T21:00:00.000Z,461.3088444444445,2999.7572727272723,0.95,2.5,0.2519786936666869,0.4,0.2,600,33489920,334899.2,67.295,0.1891304347826087,85,13.563028476589798,0.5520833333333334,14,0.6666666666666666,22.607
react-bootstrap/react-bootstrap,2025-09-30T21:00:00.000Z,405.9384578544061,3381.6253205128205,0.95,2.5,0.25874484352574534,0.2,0.1,600,33489920,334899.2,67.295,0.1891304347826087,85,12.78630583983106,0.57,14,0.6739130434782609,22.607
Semantic-Org/Semantic-UI-React,2025-04-30T21:00:00.000Z,582.4987422839505,5484.46130952381,0.95,2.5,0.7601351653424464,6.9,0.8,600,210960384,2109603.84,60,0.31875,75,27.78198032407409,0.8080808080808081,29,0.3103448275862069,13.262
Semantic-Org/Semantic-UI-React,2025-05-31T21:00:00.000Z,582.4987422839505,5484.46130952381,0.95,2.5,0.7601351653424464,6.9,0.8,600,210960384,2109603.84,60,0.31875,75,27.78198032407409,0.8080808080808081,29,0.3103448275862069,13.262
Semantic-Org/Semantic-UI-React,2025-06-30T21:00:00.000Z,582.4987422839505,5484.46130952381,0.95,2.5,0.7601351653424464,6.9,0.8,600,210960384,2109603.84,60,0.31875,75,27.78198032407409,0.8080808080808081,29,0.3,13.262
Semantic-Org/Semantic-UI-React,2025-07-31T21:00:00.000Z,582.4987422839505,5484.46130952381,0.95,2.5,0.7601351653424464,6.9,0.8,600,210960384,2109603.84,60,0.31875,75,27.78198032407409,0.8080808080808081,29,0.2903225806451613,13.262
Semantic-Org/Semantic-UI-React,2025-08-31T21:00:00.000Z,582.4987422839505,5484.46130952381,0.95,2.5,0.7601351653424464,6.9,0.8,600,210960384,2109603.84,60,0.31875,75,27.78198032407409,0.8,29,0.2903225806451613,13.262
Semantic-Org/Semantic-UI-React,2025-09-30T21:00:00.000Z,582.4987422839505,5484.46130952381,0.95,2.5,0.7601351653424464,6.9,0.8,600,210960384,2109603.84,60,0.31875,75,27.78198032407409,0.8,29,0.2857142857142857,13.262
palantir/blueprint,2025-04-30T21:00:00.000Z,,,0.95,2.5,,,,600,203512832,2035128.32,60,0.15,85,3.8985216750841745,1,9,0.16666666666666666,21.306
palantir/blueprint,2025-05-31T21:00:00.000Z,,,0.95,2.5,,,,600,203512832,2035128.32,60,0.15,85,3.8985216750841745,1,9,0.14285714285714285,21.306
palantir/blueprint,2025-06-30T21:00:00.000Z,,74.46055555555556,0.95,2.5,,,,600,203512832,2035128.32,60,0.15,85,37.02953949214366,0.7674418604651163,14,0.14285714285714285,21.306
palantir/blueprint,2025-07-31T21:00:00.000Z,283.97366161616156,74.46055555555556,0.95,2.5,1.2469146155164306,2.5,0.7,600,203512832,2035128.32,60,0.15,85,27.980920965608465,0.7205882352941176,22,0.18181818181818182,21.306
palantir/blueprint,2025-08-31T21:00:00.000Z,150.6609,74.46055555555556,0.95,2.5,2.5840812048779744,2.3,0.3,600,203512832,2035128.32,60,0.15,85,22.188078887419163,0.7411764705882353,24,0.21428571428571427,21.306
palantir/blueprint,2025-09-30T21:00:00.000Z,209.0372048611111,74.46055555555556,0.95,2.5,0.4351797090878709,3.4,0.6,600,203512832,2035128.32,60,0.15,85,21.708954365079364,0.7368421052631579,25,0.16666666666666666,21.306
reduxjs/redux,2025-04-30T21:00:00.000Z,24.916770833333338,,0.95,2.5,19.627844365199138,3.8,0.3,600,34868224,348682.24,65.949,0.19166666666666665,95,15.403190921900162,0.7666666666666667,45,0.6206896551724138,61.355
reduxjs/redux,2025-05-31T21:00:00.000Z,24.916770833333338,,0.95,2.5,19.627844365199138,3.8,0.3,600,34868224,348682.24,65.949,0.19166666666666665,95,15.403190921900162,0.7666666666666667,45,0.6333333333333333,61.355
reduxjs/redux,2025-06-30T21:00:00.000Z,24.916770833333338,,0.95,2.5,19.627844365199138,3.8,0.3,600,34868224,348682.24,65.949,0.19166666666666665,95,15.403190921900162,0.7582417582417582,45,0.6451612903225806,61.355
reduxjs/redux,2025-07-31T21:00:00.000Z,22.78871621621622,,0.95,2.5,13.559342135302854,4.1,0.2,600,34868224,348682.24,65.949,0.19166666666666665,95,14.388248873873875,0.7708333333333334,48,0.65625,61.355
reduxjs/redux,2025-08-31T21:00:00.000Z,23.505782163742694,,0.95,2.5,12.79864261344182,4.1,0.2,600,34868224,348682.24,65.949,0.19166666666666665,95,14.22420401234568,0.7653061224489796,49,0.6470588235294118,61.355
reduxjs/redux,2025-09-30T21:00:00.000Z,22.335222222222225,,0.95,2.5,5.379395772496853,3.9,0.1,600,34868224,348682.24,65.949,0.19166666666666665,95,13.85484653078403,0.77,49,0.6666666666666666,61.355
reduxjs/redux-toolkit,2025-04-30T21:00:00.000Z,326.62112962962965,,0.95,2.5,0.9693187956302979,6.7,0.7,600,43172864,431728.64,60,0.226056338028169,85,23.853800213675214,0.9420289855072463,8,0.09523809523809523,11.107
reduxjs/redux-toolkit,2025-05-31T21:00:00.000Z,384.5442270531401,,0.95,2.5,6.369030506093197,5.4,0.6,600,43172864,431728.64,60,0.226056338028169,85,23.491511764332827,0.9358974358974359,9,0.13043478260869565,11.107
reduxjs/redux-toolkit,2025-06-30T21:00:00.000Z,384.5442270531401,,0.95,2.5,6.369030506093197,5.4,0.6,600,43172864,431728.64,60,0.226056338028169,85,23.491511764332827,0.9358974358974359,9,0.13043478260869565,11.107
reduxjs/redux-toolkit,2025-07-31T21:00:00.000Z,379.15212962962966,,0.95,2.5,0.7067426028299497,5.5,0.4,600,43172864,431728.64,60,0.226056338028169,85,23.02473965848966,0.9390243902439024,11,0.16,11.107
reduxjs/redux-toolkit,2025-08-31T21:00:00.000Z,772.7336033950618,10508.229791666667,0.95,2.5,0.05880997570803308,5.2,0.5,600,43172864,431728.64,60,0.226056338028169,85,29.133246662360023,0.9347826086956522,16,0.52,11.107
reduxjs/redux-toolkit,2025-09-30T21:00:00.000Z,650.122235142119,8499.854777777777,0.95,2.5,0.05591077376603854,5.2,0.7,600,43172864,431728.64,60,0.226056338028169,85,27.001732750896046,0.9393939393939394,19,0.5373134328358209,11.107
mobxjs/mobx,2025-04-30T21:00:00.000Z,393.2722222222223,1812.0546888888887,0.95,2.5,0.33924762321829655,4.6,0.5,600,21677056,216770.56,78.831,0.2217391304347826,85,29.968334065869666,0.8586956521739131,35,0.5454545454545454,28.064
mobxjs/mobx,2025-05-31T21:00:00.000Z,393.2722222222223,1812.0546888888887,0.95,2.5,0.33924762321829655,4.6,0.5,600,21677056,216770.56,78.831,0.2217391304347826,85,29.968334065869666,0.8586956521739131,35,0.5294117647058824,28.064
mobxjs/mobx,2025-06-30T21:00:00.000Z,375.3100972222223,1818.083771367521,0.95,2.5,0.28509757875404285,2.9,0.2,600,21677056,216770.56,78.831,0.2217391304347826,85,28.953095018964753,0.8645833333333334,37,0.5277777777777778,28.064
mobxjs/mobx,2025-07-31T21:00:00.000Z,375.3100972222223,1818.083771367521,0.95,2.5,0.28509757875404285,2.9,0.2,600,21677056,216770.56,78.831,0.2217391304347826,85,28.953095018964753,0.8645833333333334,37,0.48717948717948717,28.064
mobxjs/mobx,2025-08-31T21:00:00.000Z,375.3100972222223,1818.083771367521,0.95,2.5,0.28509757875404285,2.9,0.2,600,21677056,216770.56,78.831,0.2217391304347826,85,28.953095018964753,0.8645833333333334,37,0.475,28.064
mobxjs/mobx,2025-09-30T21:00:00.000Z,429.8242613636364,1766.129099616858,0.95,2.5,,,,600,21677056,216770.56,78.831,0.2217391304347826,65,29.489669008088548,0.87,38,0.4888888888888889,28.064
pmndrs/zustand,2025-04-30T21:00:00.000Z,0.0425,,0.95,2.5,188.23529411764704,4,1,600,7804928,78049.28,92.378,0.26249999999999996,95,4.410036265432098,0.625,10,0.8,55.114
pmndrs/zustand,2025-05-31T21:00:00.000Z,0.0425,,0.95,2.5,188.23529411764704,4,1,600,7804928,78049.28,92.378,0.26249999999999996,95,9.697472086056646,0.6938775510204082,18,0.8181818181818182,55.114
pmndrs/zustand,2025-06-30T21:00:00.000Z,100.20736111111111,,0.95,2.5,2.335157790858678,5.875,0.875,600,7804928,78049.28,92.378,0.26249999999999996,95,8.497523148148149,0.7413793103448276,21,0.8333333333333334,55.114
pmndrs/zustand,2025-07-31T21:00:00.000Z,44.772000000000006,,0.95,2.5,1.7555615116590726,4.8,0.2,600,7804928,78049.28,92.378,0.26249999999999996,95,6.714564393939394,0.7236842105263158,26,0.8461538461538461,55.114
pmndrs/zustand,2025-08-31T21:00:00.000Z,54.150349794238686,,0.95,2.5,1.8904840090481196,4,0.3,600,7804928,78049.28,92.378,0.26249999999999996,95,6.337261051373955,0.7209302325581395,29,0.8666666666666667,55.114
pmndrs/zustand,2025-09-30T21:00:00.000Z,52.63778673835126,,0.95,2.5,1.7992716504235255,4.4,0.6,600,7804928,78049.28,92.378,0.26249999999999996,95,6.060326003086419,0.717391304347826,31,0.875,55.114
pmndrs/jotai,2025-04-30T21:00:00.000Z,0.8377777777777777,,0.95,2.5,2709.5490716180375,5,1,600,14820352,148203.52,85.527,0.15,85,3.4388859953703705,0.7272727272727273,11,1,20.585
pmndrs/jotai,2025-05-31T21:00:00.000Z,29.34802777777778,,0.95,2.5,25.00338372160158,7.1,0.5,600,14820352,148203.52,85.527,0.15,85,5.037047856280194,0.7666666666666667,13,1,20.585
pmndrs/jotai,2025-06-30T21:00:00.000Z,27.609974747474748,,0.95,2.5,28.57662881680698,7.1,0.6,600,14820352,148203.52,85.527,0.15,85,4.9389452817178885,0.734375,13,1,20.585
pmndrs/jotai,2025-07-31T21:00:00.000Z,21.691510416666674,,0.95,2.5,24.632332637816727,5.1,0.4,600,14820352,148203.52,85.527,0.15,85,4.49878583511396,0.7323943661971831,16,1,20.585
pmndrs/jotai,2025-08-31T21:00:00.000Z,100.21070987654323,,0.95,2.5,2.769719483052222,6.6,0.4,600,14820352,148203.52,85.527,0.15,85,5.273220715755436,0.7411764705882353,20,1,20.585
pmndrs/jotai,2025-09-30T21:00:00.000Z,116.05820906432743,,0.95,2.5,1.1852038101217488,12.5,0.6,600,14820352,148203.52,85.527,0.15,85,5.449117398648647,0.74,22,1,20.585
pmndrs/valtio,2025-04-30T21:00:00.000Z,12.990416666666667,,0.95,2.5,86.75626262950252,4,0.5,543.5,5565440,55654.4,94.565,0.27,70,1.344544632523148,0.8648648648648649,8,0.8,9.922
pmndrs/valtio,2025-05-31T21:00:00.000Z,179.15416666666667,,0.95,2.5,4.208665720864246,4.666666666666667,0.6666666666666666,543.5,5565440,55654.4,94.565,0.27,70,1.5372403724747472,0.8979591836734694,9,0.8,9.922
pmndrs/valtio,2025-06-30T21:00:00.000Z,149.0517361111111,,0.95,2.5,4.520242551873069,5.5,0.75,543.5,5565440,55654.4,94.565,0.27,70,1.5410658212560384,0.7666666666666667,9,0.8,9.922
pmndrs/valtio,2025-07-31T21:00:00.000Z,67.11781565656567,,0.95,2.5,2.2639971811967157,4.1,0.9,543.5,5565440,55654.4,94.565,0.27,70,1.6808083767361108,0.7619047619047619,9,0.8,9.922
pmndrs/valtio,2025-08-31T21:00:00.000Z,49.189618055555556,,0.95,2.5,3.2641542330875204,5.4,0.7,543.5,5565440,55654.4,94.565,0.27,70,1.5085571509009008,0.7708333333333334,11,0.8,9.922
pmndrs/valtio,2025-09-30T21:00:00.000Z,50.9060725308642,,0.95,2.5,1.5420557135380202,5.1,0.7,543.5,5565440,55654.4,94.565,0.27,70,1.5693100071225063,0.78,11,0.8,9.922
TanStack/query,2025-04-30T21:00:00.000Z,6.374201388888888,,0.95,2.5,1.157007686148047,2.3,0.4,600,95864832,958648.32,60,0.4388888888888889,85,0.35761180063041753,0.94,27,0.75,46.947
TanStack/query,2025-05-31T21:00:00.000Z,52.1115888888889,,0.95,2.5,0.13586229379986492,2.3,0.4,600,95864832,958648.32,60,0.4388888888888889,85,1.3482595486111109,0.9411764705882353,28,0.6,46.947
TanStack/query,2025-06-30T21:00:00.000Z,52.1115888888889,,0.95,2.5,0.13586229379986492,2.3,0.4,600,95864832,958648.32,60,0.4388888888888889,85,1.3482595486111109,0.9411764705882353,28,0.6,46.947
TanStack/query,2025-07-31T21:00:00.000Z,52.1115888888889,,0.95,2.5,0.13586229379986492,2.3,0.4,600,95864832,958648.32,60,0.4388888888888889,85,1.3482595486111109,0.9411764705882353,28,0.5,46.947
TanStack/query,2025-08-31T21:00:00.000Z,52.1115888888889,,0.95,2.5,0.13586229379986492,2.3,0.4,600,95864832,958648.32,60,0.4388888888888889,85,1.3482595486111109,0.9411764705882353,28,0.5,46.947
TanStack/query,2025-09-30T21:00:00.000Z,146.2111842105263,,0.95,2.5,0.040316593247870555,2.5,0.3,600,95864832,958648.32,60,0.4388888888888889,85,4.299093411246612,0.8817204301075269,39,0.36363636363636365,46.947
apollographql/apollo-client,2025-04-30T21:00:00.000Z,,,0.95,2.5,,,,600,99136512,991365.12,60,0.17916666666666667,85,,,,,19.653
apollographql/apollo-client,2025-05-31T21:00:00.000Z,,,0.95,2.5,,,,600,99136512,991365.12,60,0.17916666666666667,85,,,,,19.653
apollographql/apollo-client,2025-06-30T21:00:00.000Z,,,0.95,2.5,,,,600,99136512,991365.12,60,0.17916666666666667,85,,,,,19.653
apollographql/apollo-client,2025-07-31T21:00:00.000Z,,,0.95,2.5,,,,600,99136512,991365.12,60,0.17916666666666667,85,,,,,19.653
apollographql/apollo-client,2025-08-31T21:00:00.000Z,21.68946581196581,,0.95,2.5,0.627741814087149,3.6,0.8,600,99136512,991365.12,60,0.17916666666666667,85,13.946959325396826,0.660377358490566,7,,19.653
apollographql/apollo-client,2025-09-30T21:00:00.000Z,25.821024305555554,18682.396249999998,0.95,2.5,1.8323246762066066,5.5,0.7,600,99136512,991365.12,60,0.17916666666666667,85,9.235434535412606,0.6785714285714286,9,0.9074074074074074,19.653
typeorm/typeorm,2025-04-30T21:00:00.000Z,5252.639444444444,4414.421444444444,0.95,2.5,0.02322641812565979,22,1,600,32224256,322242.56,68.531,0.28125,85,218.85997685185185,0.5,1,0.4782608695652174,35.874
typeorm/typeorm,2025-05-31T21:00:00.000Z,5252.639444444444,4414.421444444444,0.95,2.5,0.02322641812565979,22,1,600,32224256,322242.56,68.531,0.28125,85,114.14085648148148,0.6666666666666666,2,0.44,35.874
typeorm/typeorm,2025-06-30T21:00:00.000Z,6564.340277777777,4414.421444444444,0.95,2.5,0.10008621920837014,20.5,1,600,32224256,322242.56,68.531,0.28125,85,66.60393904320988,0.75,7,0.44,35.874
typeorm/typeorm,2025-07-31T21:00:00.000Z,6564.340277777777,4414.421444444444,0.95,2.5,0.10008621920837014,20.5,1,600,32224256,322242.56,68.531,0.28125,85,73.85660879629633,0.7307692307692307,13,0.44,35.874
typeorm/typeorm,2025-08-31T21:00:00.000Z,6564.340277777777,4414.421444444444,0.95,2.5,0.10008621920837014,20.5,1,600,32224256,322242.56,68.531,0.28125,85,50.75155092592594,0.6888888888888889,23,0.4230769230769231,35.874
typeorm/typeorm,2025-09-30T21:00:00.000Z,2299.5122619047615,46447.38834291187,0.95,2.5,0.3574878171628839,9.5,0.5,600,32224256,322242.56,68.531,0.28125,85,58.58132927148845,0.6309523809523809,33,0.30952380952380953,35.874
evanw/esbuild,2025-04-30T21:00:00.000Z,1039.9945959595962,,0.95,2.5,0.07849691138158109,2,0.4,600,20715520,207155.2,79.77,0.3352941176470588,75,16.13882352941177,0.3953488372093023,25,0.5172413793103449,39.358
evanw/esbuild,2025-05-31T21:00:00.000Z,889.7826282051283,,0.95,2.5,0.10227216975854589,1.2,0.3,600,20715520,207155.2,79.77,0.3352941176470588,75,15.389483346193417,0.4090909090909091,25,0.5172413793103449,39.358
evanw/esbuild,2025-06-30T21:00:00.000Z,889.7826282051283,,0.95,2.5,0.10227216975854589,1.2,0.3,600,20715520,207155.2,79.77,0.3352941176470588,75,15.389483346193417,0.4090909090909091,25,0.5,39.358
evanw/esbuild,2025-07-31T21:00:00.000Z,784.6542647058824,,0.95,2.5,0.09071061458502985,1.2,0.2,600,20715520,207155.2,79.77,0.3352941176470588,75,15.696314525462963,0.43010752688172044,27,0.5,39.358
evanw/esbuild,2025-08-31T21:00:00.000Z,784.6542647058824,,0.95,2.5,0.09071061458502985,1.2,0.2,600,20715520,207155.2,79.77,0.3352941176470588,75,15.696314525462963,0.41237113402061853,27,0.5625,39.358
evanw/esbuild,2025-09-30T21:00:00.000Z,741.5002314814816,,0.95,2.5,0.05814038793349693,1.1,0.1,600,20715520,207155.2,79.77,0.3352941176470588,75,15.321487409665764,0.41,28,0.5324675324675324,39.358
swc-project/swc,2025-04-30T21:00:00.000Z,41.93655555555556,,0.95,2.5,25.667344056762996,9.6,1,600,432467968,4324679.68,60,0.5195121951219512,75,1.7473564814814815,1,1,,32.809
swc-project/swc,2025-05-31T21:00:00.000Z,41.93655555555556,,0.95,2.5,25.667344056762996,9.6,1,600,432467968,4324679.68,60,0.5195121951219512,75,1.7473564814814815,1,1,,32.809
swc-project/swc,2025-06-30T21:00:00.000Z,41.93655555555556,,0.95,2.5,25.667344056762996,9.6,1,600,432467968,4324679.68,60,0.5195121951219512,75,1.7473564814814815,1,1,,32.809
swc-project/swc,2025-07-31T21:00:00.000Z,41.93655555555556,,0.95,2.5,25.667344056762996,9.6,1,600,432467968,4324679.68,60,0.5195121951219512,75,0.8387300084175084,0.9166666666666666,3,,32.809
swc-project/swc,2025-08-31T21:00:00.000Z,52.89332125603867,1683.4472222222223,0.95,2.5,11.585254889353212,8.1,0.8,600,432467968,4324679.68,60,0.5195121951219512,75,1.3876491526904264,0.9636363636363636,11,0.7333333333333333,32.809
swc-project/swc,2025-09-30T21:00:00.000Z,105.95054761904765,702.5385030864197,0.95,2.5,1.1299071916525294,4.7,1,600,432467968,4324679.68,60,0.5195121951219512,75,2.6325951026327528,0.8829787234042553,15,0.6944444444444444,32.809
prisma/prisma,2025-04-30T21:00:00.000Z,,1771.403888888889,0.95,2.5,,,,600,160563200,1605632,60,0.2590909090909091,85,,,,0.1875,44.012
prisma/prisma,2025-05-31T21:00:00.000Z,,1771.403888888889,0.95,2.5,,,,600,160563200,1605632,60,0.2590909090909091,85,,,,0.1875,44.012
prisma/prisma,2025-06-30T21:00:00.000Z,,1771.403888888889,0.95,2.5,,,,600,160563200,1605632,60,0.2590909090909091,85,,,,0.1875,44.012
prisma/prisma,2025-07-31T21:00:00.000Z,,1865.8388194444447,0.95,2.5,,,,600,160563200,1605632,60,0.2590909090909091,85,,,,0.21052631578947367,44.012
prisma/prisma,2025-08-31T21:00:00.000Z,,1865.8388194444447,0.95,2.5,,,,600,160563200,1605632,60,0.2590909090909091,85,,,,0.21052631578947367,44.012
prisma/prisma,2025-09-30T21:00:00.000Z,29.929444444444446,1865.8388194444447,0.95,2.5,0.36753104523601804,3,1,600,160563200,1605632,60,0.2590909090909091,85,1.2470601851851852,0.011111111111111112,1,0.19047619047619047,44.012
web-infra-dev/rspack,2025-04-30T21:00:00.000Z,,389.2083333333333,0.95,2.5,,,,600,73829376,738293.76,60,0.32903225806451614,75,,,,0.16666666666666666,12.077
web-infra-dev/rspack,2025-05-31T21:00:00.000Z,,389.2083333333333,0.95,2.5,,,,600,73829376,738293.76,60,0.32903225806451614,75,,,,0.14285714285714285,12.077
web-infra-dev/rspack,2025-06-30T21:00:00.000Z,,389.2083333333333,0.95,2.5,,,,600,73829376,738293.76,60,0.32903225806451614,75,,,,0.14285714285714285,12.077
web-infra-dev/rspack,2025-07-31T21:00:00.000Z,,389.2083333333333,0.95,2.5,,,,600,73829376,738293.76,60,0.32903225806451614,75,,,,0.1111111111111111,12.077
web-infra-dev/rspack,2025-08-31T21:00:00.000Z,0.45,389.2083333333333,0.95,2.5,126.66666666666666,5,,600,73829376,738293.76,60,0.32903225806451614,75,0.01875,0.16666666666666666,1,0.09090909090909091,12.077
web-infra-dev/rspack,2025-09-30T21:00:00.000Z,21.417129629629628,204.44333333333333,0.95,2.5,12.025680378720738,4.111111111111111,0.6666666666666666,600,73829376,738293.76,60,0.32903225806451614,75,4.49074537037037,0.7627118644067796,12,0.23529411764705882,12.077
vercel/turbo,2025-04-30T21:00:00.000Z,,2111.9037222222223,0.95,2.5,,,,600,796194816,7961948.16,60,0.375,75,,,,0.5,28.841
vercel/turbo,2025-05-31T21:00:00.000Z,,2111.9037222222223,0.95,2.5,,,,600,796194816,7961948.16,60,0.375,75,,,,0.5,28.841
vercel/turbo,2025-06-30T21:00:00.000Z,,2111.9037222222223,0.95,2.5,,,,600,796194816,7961948.16,60,0.375,75,,,,0.46153846153846156,28.841
vercel/turbo,2025-07-31T21:00:00.000Z,,2111.9037222222223,0.95,2.5,,,,600,796194816,7961948.16,60,0.375,75,,,,0.42857142857142855,28.841
vercel/turbo,2025-08-31T21:00:00.000Z,,2111.9037222222223,0.95,2.5,,,,600,796194816,7961948.16,60,0.375,75,20.304814814814815,0.5,1,0.42857142857142855,28.841
vercel/turbo,2025-09-30T21:00:00.000Z,21.787916666666668,2250.9317222222226,0.95,2.5,0.11474249870914688,2,0.5,600,796194816,7961948.16,60,0.375,75,4.939277375201288,0.3709677419354839,10,0.4117647058823529,28.841
testing-library/react-testing-library,2025-04-30T21:00:00.000Z,479.29464285714295,3273.422777777778,0.95,2.5,0.03648218177753767,4.7,0.6,166.9,1709056,17090.56,98.331,0.3576923076923077,75,12.979105625317093,0.7604166666666666,18,0.7301587301587301,19.406
testing-library/react-testing-library,2025-05-31T21:00:00.000Z,479.29464285714295,3273.422777777778,0.95,2.5,0.03648218177753767,4.7,0.6,166.9,1709056,17090.56,98.331,0.3576923076923077,75,12.979105625317093,0.7604166666666666,18,0.7424242424242424,19.406
testing-library/react-testing-library,2025-06-30T21:00:00.000Z,479.29464285714295,3273.422777777778,0.95,2.5,0.03648218177753767,4.7,0.6,166.9,1709056,17090.56,98.331,0.3576923076923077,75,12.979105625317093,0.7604166666666666,18,0.7246376811594203,19.406
testing-library/react-testing-library,2025-07-31T21:00:00.000Z,479.29464285714295,3273.422777777778,0.95,2.5,0.03648218177753767,4.7,0.6,166.9,1709056,17090.56,98.331,0.3576923076923077,75,12.979105625317093,0.7448979591836735,18,0.7142857142857143,19.406
testing-library/react-testing-library,2025-08-31T21:00:00.000Z,466.11489197530875,3273.422777777778,0.95,2.5,0.03635250607985731,4.8,0.6,166.9,1709056,17090.56,98.331,0.3576923076923077,75,12.806428303303301,0.7474747474747475,18,0.704225352112676,19.406
testing-library/react-testing-library,2025-09-30T21:00:00.000Z,466.11489197530875,3273.422777777778,0.95,2.5,0.03635250607985731,4.8,0.6,166.9,1709056,17090.56,98.331,0.3576923076923077,75,12.806428303303301,0.7474747474747475,18,0.6623376623376623,19.406
microsoft/playwright,2025-04-30T21:00:00.000Z,16.843611111111112,,0.95,2.5,20.720022428550223,10,,600,223444992,2234449.92,60,0.18529411764705883,95,0.7018171296296296,0.5,1,0.5,78.118
microsoft/playwright,2025-05-31T21:00:00.000Z,16.843611111111112,,0.95,2.5,20.720022428550223,10,,600,223444992,2234449.92,60,0.18529411764705883,95,0.7018171296296296,0.5,1,0.5294117647058824,78.118
microsoft/playwright,2025-06-30T21:00:00.000Z,16.843611111111112,,0.95,2.5,20.720022428550223,10,,600,223444992,2234449.92,60,0.18529411764705883,95,0.7018171296296296,0.5,1,0.5,78.118
microsoft/playwright,2025-07-31T21:00:00.000Z,16.843611111111112,,0.95,2.5,20.720022428550223,10,,600,223444992,2234449.92,60,0.18529411764705883,95,0.7018171296296296,0.3333333333333333,1,0.5,78.118
microsoft/playwright,2025-08-31T21:00:00.000Z,16.843611111111112,,0.95,2.5,20.720022428550223,10,,600,223444992,2234449.92,60,0.18529411764705883,95,0.38320023148148147,0.5,2,0.5,78.118
microsoft/playwright,2025-09-30T21:00:00.000Z,18.778055555555554,,0.95,2.5,9.825298442330736,6.5,,600,223444992,2234449.92,60,0.18529411764705883,95,1.96134837962963,0.75,9,0.5416666666666666,78.118
vitest-dev/vitest,2025-04-30T21:00:00.000Z,,,0.95,2.5,,,,600,47003648,470036.48,60,0.19918032786885245,85,,,,,15.102
vitest-dev/vitest,2025-05-31T21:00:00.000Z,982.9147222222222,,0.95,2.5,0.20551121621549062,6,1,600,47003648,470036.48,60,0.19918032786885245,85,40.95478009259259,1,1,,15.102
vitest-dev/vitest,2025-06-30T21:00:00.000Z,492.2129166666666,,0.95,2.5,0.789292574097761,4.5,1,600,47003648,470036.48,60,0.19918032786885245,85,20.508871527777778,1,2,,15.102
vitest-dev/vitest,2025-07-31T21:00:00.000Z,492.2129166666666,,0.95,2.5,0.789292574097761,4.5,1,600,47003648,470036.48,60,0.19918032786885245,85,20.508871527777778,1,2,,15.102
vitest-dev/vitest,2025-08-31T21:00:00.000Z,343.7423148148148,,0.95,2.5,5.275269453835601,5.666666666666667,1,600,47003648,470036.48,60,0.19918032786885245,85,10.79472511574074,1,3,,15.102
vitest-dev/vitest,2025-09-30T21:00:00.000Z,57.91647777777777,9042.52111111111,0.95,2.5,3.8413938232508387,2.5,0.5,600,47003648,470036.48,60,0.19918032786885245,85,15.557534722222222,0.7468354430379747,18,0.5172413793103449,15.102
nrwl/nx,2025-04-30T21:00:00.000Z,,,0.95,2.5,,,,600,791323648,7913236.48,60,0.3689189189189189,85,,,,,27.217
nrwl/nx,2025-05-31T21:00:00.000Z,,,0.95,2.5,,,,600,791323648,7913236.48,60,0.3689189189189189,85,,,,,27.217
nrwl/nx,2025-06-30T21:00:00.000Z,,,0.95,2.5,,,,600,791323648,7913236.48,60,0.3689189189189189,85,,,,,27.217
nrwl/nx,2025-07-31T21:00:00.000Z,,,0.95,2.5,,,,600,791323648,7913236.48,60,0.3689189189189189,85,,,,,27.217
nrwl/nx,2025-08-31T21:00:00.000Z,,154.35972222222222,0.95,2.5,,,,600,791323648,7913236.48,60,0.3689189189189189,85,,,,0.13333333333333333,27.217
nrwl/nx,2025-09-30T21:00:00.000Z,,950.5593954248367,0.95,2.5,,,,600,791323648,7913236.48,60,0.3689189189189189,85,4.9357291666666665,1,1,0.5333333333333333,27.217
colinhacks/zod,2025-04-30T21:00:00.000Z,,,0.95,2.5,,,,600,23346176,233461.76,77.201,0.2475,85,,,,0.5,40.311
colinhacks/zod,2025-05-31T21:00:00.000Z,,,0.95,2.5,,,,600,23346176,233461.76,77.201,0.2475,85,,,,0.5555555555555556,40.311
colinhacks/zod,2025-06-30T21:00:00.000Z,,,0.95,2.5,,,,600,23346176,233461.76,77.201,0.2475,85,0.29792824074074076,0.2,1,0.5238095238095238,40.311
colinhacks/zod,2025-07-31T21:00:00.000Z,,,0.95,2.5,,,,600,23346176,233461.76,77.201,0.2475,85,6.789502314814814,0.3888888888888889,4,0.6153846153846154,40.311
colinhacks/zod,2025-08-31T21:00:00.000Z,26.294062500000003,,0.95,2.5,1.5973187863229577,1,0.375,600,23346176,233461.76,77.201,0.2475,85,2.0309758046737216,0.6461538461538462,19,0.6363636363636364,40.311
colinhacks/zod,2025-09-30T21:00:00.000Z,100.26586917562722,,0.95,2.5,0.08879617640232677,0.5,0.2,600,23346176,233461.76,77.201,0.2475,85,3.1699442663817656,0.6914893617021277,35,0.56,40.311
typescript-eslint/typescript-eslint,2025-04-30T21:00:00.000Z,,,0.95,2.5,,,,600,77685760,776857.6,60,0.43392857142857144,85,6.462361111111111,0.5,1,0.25,15.962
typescript-eslint/typescript-eslint,2025-05-31T21:00:00.000Z,,,0.95,2.5,,,,600,77685760,776857.6,60,0.43392857142857144,85,6.462361111111111,0.5,1,0.2,15.962
typescript-eslint/typescript-eslint,2025-06-30T21:00:00.000Z,,,0.95,2.5,,,,600,77685760,776857.6,60,0.43392857142857144,85,6.462361111111111,0.5,1,0.2,15.962
typescript-eslint/typescript-eslint,2025-07-31T21:00:00.000Z,,,0.95,2.5,,,,600,77685760,776857.6,60,0.43392857142857144,85,6.462361111111111,0.5,1,0.2,15.962
typescript-eslint/typescript-eslint,2025-08-31T21:00:00.000Z,,,0.95,2.5,,,,600,77685760,776857.6,60,0.43392857142857144,85,6.462361111111111,0.5,1,0.2,15.962
typescript-eslint/typescript-eslint,2025-09-30T21:00:00.000Z,296.28881313131313,324.11355555555554,0.95,2.5,0.1948344661318293,6,0.7,600,77685760,776857.6,60,0.43392857142857144,85,14.767044907407408,0.7692307692307693,19,0.2727272727272727,15.962
lerna/lerna,2025-04-30T21:00:00.000Z,4.721055555555556,1339.115925925926,0.95,2.5,759.2369879617316,1.6,0.4,600,40100864,401008.64,60.839,0.1595238095238095,85,15.945867715141613,0.5,19,0.15789473684210525,36.022
lerna/lerna,2025-05-31T21:00:00.000Z,39.61787037037037,1339.115925925926,0.95,2.5,75.40788972428734,1.5,0.3333333333333333,600,40100864,401008.64,60.839,0.1595238095238095,85,15.745154761904763,0.5072463768115942,19,0.13636363636363635,36.022
lerna/lerna,2025-06-30T21:00:00.000Z,30.012291666666666,1887.8033333333333,0.95,2.5,78.626118465351,1.375,0.375,600,40100864,401008.64,60.839,0.1595238095238095,85,14.89675800800801,0.5211267605633803,19,0.16,36.022
lerna/lerna,2025-07-31T21:00:00.000Z,119.43745098039216,1887.8033333333333,0.95,2.5,1.403638954510606,1,0.1,600,40100864,401008.64,60.839,0.1595238095238095,85,13.603858192431563,0.5542168674698795,21,0.14814814814814814,36.022
lerna/lerna,2025-08-31T21:00:00.000Z,113.45047839506172,1652.8768402777778,0.95,2.5,1.7144044057946097,1,0.1,600,40100864,401008.64,60.839,0.1595238095238095,85,13.32476186958235,0.5595238095238095,21,0.1935483870967742,36.022
lerna/lerna,2025-09-30T21:00:00.000Z,141.58593253968255,6823.453417508418,0.95,2.5,6.007961680122747,1.6,0.3,600,40100864,401008.64,60.839,0.1595238095238095,85,12.392272579597142,0.57,23,0.576271186440678,36.022
mswjs/msw,2025-04-30T21:00:00.000Z,135.59277777777777,,0.95,2.5,0.22125072213777366,6,1,600,12996608,129966.08,87.30799999999999,0.1942622950819672,85,30.192858796296296,0.717948717948718,9,0.1,17.18
mswjs/msw,2025-05-31T21:00:00.000Z,505.1046825396825,545.3139682539683,0.95,2.5,0.12161552555740843,2,0.7142857142857143,600,12996608,129966.08,87.30799999999999,0.1942622950819672,85,32.63516019570707,0.7457627118644068,13,0.1,17.18
mswjs/msw,2025-06-30T21:00:00.000Z,865.6041840277777,1800.5288461538462,0.95,2.5,0.07509205847128174,3.7,0.7,600,12996608,129966.08,87.30799999999999,0.1942622950819672,85,35.20177935010482,0.7361111111111112,14,0.375,17.18
mswjs/msw,2025-07-31T21:00:00.000Z,692.5689444444444,1461.663709150327,0.95,2.5,0.042089672420098416,3,0.4,600,12996608,129966.08,87.30799999999999,0.1942622950819672,85,32.73273046621183,0.7402597402597403,14,0.46153846153846156,17.18
mswjs/msw,2025-08-31T21:00:00.000Z,694.0335119047619,1566.5661363636361,0.95,2.5,0.09005328839016712,5.1,0.4,600,12996608,129966.08,87.30799999999999,0.1942622950819672,85,32.28200943732195,0.7558139534883721,17,0.5588235294117647,17.18
mswjs/msw,2025-09-30T21:00:00.000Z,1211.1878395061726,2624.759297385621,0.95,2.5,0.07217432657044207,3.5,0.7,600,12996608,129966.08,87.30799999999999,0.1942622950819672,85,42.539816558853346,0.7684210526315789,17,0.6415094339622641,17.18
react-hook-form/react-hook-form,2025-04-30T21:00:00.000Z,0.10222222222222223,,0.95,2.5,78.26086956521739,4,,600,30892032,308920.32,69.832,0.19225352112676056,85,0.2020949074074074,0.5,2,,43.972
react-hook-form/react-hook-form,2025-05-31T21:00:00.000Z,0.10222222222222223,,0.95,2.5,78.26086956521739,4,,600,30892032,308920.32,69.832,0.19225352112676056,85,5.209261574074074,0.5555555555555556,5,0.25,43.972
react-hook-form/react-hook-form,2025-06-30T21:00:00.000Z,0.10222222222222223,,0.95,2.5,78.26086956521739,4,,600,30892032,308920.32,69.832,0.19225352112676056,85,28.17612357549858,0.7027027027027027,16,0.5,43.972
react-hook-form/react-hook-form,2025-07-31T21:00:00.000Z,112.27227777777777,,0.95,2.5,0.3010538368777095,1.5,0.9,600,30892032,308920.32,69.832,0.19225352112676056,85,21.46131843800322,0.647887323943662,25,0.8378378378378378,43.972
react-hook-form/react-hook-form,2025-08-31T21:00:00.000Z,190.04875925925927,,0.95,2.5,0.26098565543559826,1.4,0.8,600,30892032,308920.32,69.832,0.19225352112676056,85,20.769039351851845,0.6296296296296297,29,0.7619047619047619,43.972
react-hook-form/react-hook-form,2025-09-30T21:00:00.000Z,129.95229468599035,,0.95,2.5,1.460402135677808,1,0.5,600,30892032,308920.32,69.832,0.19225352112676056,85,18.05047708725674,0.6555555555555556,32,0.7169811320754716,43.972
TanStack/form,2025-04-30T21:00:00.000Z,190.1028888888889,2515.3633333333332,0.95,2.5,2.9036907499213873,3.4,1,600,39873536,398735.36,61.061,0.3932432432432432,70,3.277051917989418,0.5833333333333334,7,0.3076923076923077,5.879
TanStack/form,2025-05-31T21:00:00.000Z,190.1028888888889,2515.3633333333332,0.95,2.5,2.9036907499213873,3.4,1,600,39873536,398735.36,61.061,0.3932432432432432,70,3.277051917989418,0.5833333333333334,7,0.3076923076923077,5.879
TanStack/form,2025-06-30T21:00:00.000Z,190.1028888888889,2515.3633333333332,0.95,2.5,2.9036907499213873,3.4,1,600,39873536,398735.36,61.061,0.3932432432432432,70,3.277051917989418,0.5833333333333334,7,0.2857142857142857,5.879
TanStack/form,2025-07-31T21:00:00.000Z,190.1028888888889,2515.3633333333332,0.95,2.5,2.9036907499213873,3.4,1,600,39873536,398735.36,61.061,0.3932432432432432,70,3.277051917989418,0.5833333333333334,7,0.2222222222222222,5.879
TanStack/form,2025-08-31T21:00:00.000Z,190.1028888888889,2515.3633333333332,0.95,2.5,2.9036907499213873,3.4,1,600,39873536,398735.36,61.061,0.3932432432432432,70,4.798384321821822,0.6851851851851852,18,0.21052631578947367,5.879
TanStack/form,2025-09-30T21:00:00.000Z,120.06953065134104,1542.3136666666664,0.95,2.5,1.0715055827725615,3.5,0.6,600,39873536,398735.36,61.061,0.3932432432432432,70,5.8576669015029506,0.7340425531914894,28,0.45161290322580644,5.879
JedWatson/react-select,2025-04-30T21:00:00.000Z,2015.0642333333335,11926.496952380949,0.95,2.5,1.2786490660587213,5,0.5,600,20222976,202229.76,80.251,0.174,85,53.970966863854585,0.5806451612903226,24,0.39285714285714285,28.02
JedWatson/react-select,2025-05-31T21:00:00.000Z,2015.0642333333335,11926.496952380949,0.95,2.5,1.2786490660587213,5,0.5,600,20222976,202229.76,80.251,0.174,85,53.970966863854585,0.574468085106383,24,0.3793103448275862,28.02
JedWatson/react-select,2025-06-30T21:00:00.000Z,2015.0642333333335,11605.727021604935,0.95,2.5,1.2786490660587213,5,0.5,600,20222976,202229.76,80.251,0.174,85,53.970966863854585,0.574468085106383,24,0.3709677419354839,28.02
JedWatson/react-select,2025-07-31T21:00:00.000Z,1865.8448251028808,11630.094429429426,0.95,2.5,1.2787177458647094,5.1,0.6,600,20222976,202229.76,80.251,0.174,85,52.0443284970238,0.5656565656565656,25,0.34782608695652173,28.02
JedWatson/react-select,2025-08-31T21:00:00.000Z,1865.8448251028808,11630.094429429426,0.95,2.5,1.2787177458647094,5.1,0.6,600,20222976,202229.76,80.251,0.174,85,52.0443284970238,0.5656565656565656,25,0.3333333333333333,28.02
JedWatson/react-select,2025-09-30T21:00:00.000Z,1865.8448251028808,11630.094429429426,0.95,2.5,1.2787177458647094,5.1,0.6,600,20222976,202229.76,80.251,0.174,85,52.0443284970238,0.56,25,0.32432432432432434,28.02
pmndrs/react-spring,2025-04-30T21:00:00.000Z,840.6125308641973,2645.9165740740737,0.95,2.5,1.6174713280431976,3,0.6,600,692523008,6925230.08,60,0.20192307692307693,85,45.13806737588653,0.5529411764705883,18,0.40625,28.927
pmndrs/react-spring,2025-05-31T21:00:00.000Z,1003.437403846154,2540.6534222222217,0.95,2.5,0.6302183005743046,8,0.5,600,692523008,6925230.08,60,0.20192307692307693,85,46.874308291245804,0.5729166666666666,20,0.40540540540540543,28.927
pmndrs/react-spring,2025-06-30T21:00:00.000Z,1003.437403846154,2540.6534222222217,0.95,2.5,0.6302183005743046,8,0.5,600,692523008,6925230.08,60,0.20192307692307693,85,46.874308291245804,0.5729166666666666,20,0.36585365853658536,28.927
pmndrs/react-spring,2025-07-31T21:00:00.000Z,1003.437403846154,2540.6534222222217,0.95,2.5,0.6302183005743046,8,0.5,600,692523008,6925230.08,60,0.20192307692307693,85,46.874308291245804,0.5729166666666666,20,0.35714285714285715,28.927
pmndrs/react-spring,2025-08-31T21:00:00.000Z,1003.437403846154,2540.6534222222217,0.95,2.5,0.6302183005743046,8,0.5,600,692523008,6925230.08,60,0.20192307692307693,85,46.874308291245804,0.5670103092783505,20,0.3409090909090909,28.927
pmndrs/react-spring,2025-09-30T21:00:00.000Z,940.0684722222223,2449.6659567901233,0.95,2.5,0.38192506705069246,8.6,0.4,600,692523008,6925230.08,60,0.20192307692307693,85,45.39958455165694,0.57,21,0.3469387755102041,28.927
recharts/recharts,2025-04-30T21:00:00.000Z,,,0.95,2.5,,,,600,52270080,522700.8,60,0.16874999999999998,85,,,,0.25,26.042
recharts/recharts,2025-05-31T21:00:00.000Z,,,0.95,2.5,,,,600,52270080,522700.8,60,0.16874999999999998,85,,,,0.25,26.042
recharts/recharts,2025-06-30T21:00:00.000Z,,,0.95,2.5,,,,600,52270080,522700.8,60,0.16874999999999998,85,,,,0.25,26.042
recharts/recharts,2025-07-31T21:00:00.000Z,,,0.95,2.5,,,,600,52270080,522700.8,60,0.16874999999999998,85,,,,0.16666666666666666,26.042
recharts/recharts,2025-08-31T21:00:00.000Z,,,0.95,2.5,,,,600,52270080,522700.8,60,0.16874999999999998,85,1.4301504629629629,1,1,0.14285714285714285,26.042
recharts/recharts,2025-09-30T21:00:00.000Z,36.542314814814816,2230.9899074074074,0.95,2.5,57.69566991083396,4,0.6666666666666666,600,52270080,522700.8,60,0.16874999999999998,85,0.6240729166666668,0.9433962264150944,8,0.21739130434782608,26.042
clauderic/dnd-kit,2025-04-30T21:00:00.000Z,155.7271783625731,2755.058611111111,0.95,2.5,0.7540177242420228,1.8,0.3,600,9437184,94371.84,90.784,0.16411764705882353,85,29.335596064814812,0.7142857142857143,16,0.25,15.828
clauderic/dnd-kit,2025-05-31T21:00:00.000Z,91.71836257309941,2755.058611111111,0.95,2.5,0.6398305517016241,1.4,0.4,600,9437184,94371.84,90.784,0.16411764705882353,85,21.575601851851854,0.7582417582417582,17,0.26666666666666666,15.828
clauderic/dnd-kit,2025-06-30T21:00:00.000Z,86.49919250645996,2755.058611111111,0.95,2.5,0.5648661415264663,1.7,0.5,600,9437184,94371.84,90.784,0.16411764705882353,85,20.249641985735735,0.7708333333333334,19,0.21951219512195122,15.828
clauderic/dnd-kit,2025-07-31T21:00:00.000Z,101.78187037037037,2755.058611111111,0.95,2.5,0.5309830154209592,2.2,0.6,600,9437184,94371.84,90.784,0.16411764705882353,85,20.188642026072124,0.7755102040816326,20,0.2545454545454545,15.828
clauderic/dnd-kit,2025-08-31T21:00:00.000Z,97.50563829787235,2755.058611111111,0.95,2.5,0.49293385107025994,2.5,0.6,600,9437184,94371.84,90.784,0.16411764705882353,85,19.67236318850902,0.78,21,0.2647058823529412,15.828
clauderic/dnd-kit,2025-09-30T21:00:00.000Z,97.50563829787235,2755.058611111111,0.95,2.5,0.49293385107025994,2.5,0.6,600,9437184,94371.84,90.784,0.16411764705882353,85,19.67236318850902,0.78,21,0.24096385542168675,15.828
floating-ui/floating-ui,2025-04-30T21:00:00.000Z,0.5181481481481481,3833.2008333333333,0.95,2.5,32.16583273766976,3.3333333333333335,1,600,42065920,420659.2,60,0.1576923076923077,85,6.982078124999998,0.8333333333333334,11,0.5833333333333334,31.947
floating-ui/floating-ui,2025-05-31T21:00:00.000Z,71.471977124183,4031.6096296296296,0.95,2.5,0.19505793783156936,2.8,0.6,600,42065920,420659.2,60,0.1576923076923077,85,6.730750041335979,0.8235294117647058,13,0.6,31.947
floating-ui/floating-ui,2025-06-30T21:00:00.000Z,70.70695216049383,4031.6096296296296,0.95,2.5,0.6435010788857374,2.7,0.5,600,42065920,420659.2,60,0.1576923076923077,85,5.76475262345679,0.8333333333333334,13,0.6363636363636364,31.947
floating-ui/floating-ui,2025-07-31T21:00:00.000Z,60.788597883597895,4031.6096296296296,0.95,2.5,0.650576266347638,2.4,0.4,600,42065920,420659.2,60,0.1576923076923077,85,5.341679812528577,0.8350515463917526,13,0.625,31.947
floating-ui/floating-ui,2025-08-31T21:00:00.000Z,58.066047979797986,3029.5093749999996,0.95,2.5,0.614895394068623,2.4,0.5,600,42065920,420659.2,60,0.1576923076923077,85,5.213860720660419,0.8383838383838383,13,0.6388888888888888,31.947
floating-ui/floating-ui,2025-09-30T21:00:00.000Z,56.9312962962963,3029.5093749999996,0.95,2.5,0.2010220245975493,2.5,0.4,600,42065920,420659.2,60,0.1576923076923077,85,5.1552642746913575,0.84,14,0.6052631578947368,31.947
rjsf-team/react-jsonschema-form,2025-04-30T21:00:00.000Z,29.78424603174603,13.455833333333333,0.95,2.5,5.132147467967379,1.8571428571428572,0.5714285714285714,600,405662720,4056627.2,60,0.17777777777777776,85,1.2410102513227514,1,2,0.14285714285714285,15.308
rjsf-team/react-jsonschema-form,2025-05-31T21:00:00.000Z,38.397465277777776,13.455833333333333,0.95,2.5,3.5614330011294513,1.75,0.5,600,405662720,4056627.2,60,0.17777777777777776,85,1.5998943865740742,1,2,0.13333333333333333,15.308
rjsf-team/react-jsonschema-form,2025-06-30T21:00:00.000Z,38.397465277777776,13.455833333333333,0.95,2.5,3.5614330011294513,1.75,0.5,600,405662720,4056627.2,60,0.17777777777777776,85,2.082451661220044,1,6,0.13333333333333333,15.308
rjsf-team/react-jsonschema-form,2025-07-31T21:00:00.000Z,38.397465277777776,13.455833333333333,0.95,2.5,3.5614330011294513,1.75,0.5,600,405662720,4056627.2,60,0.17777777777777776,85,3.2851212761674713,0.92,7,0.11764705882352941,15.308
rjsf-team/react-jsonschema-form,2025-08-31T21:00:00.000Z,30.232457264957265,3784.392951388889,0.95,2.5,12.50057425405282,1.9,0.6,600,405662720,4056627.2,60,0.17777777777777776,85,5.947956961591222,0.8571428571428571,17,0.09523809523809523,15.308
rjsf-team/react-jsonschema-form,2025-09-30T21:00:00.000Z,34.832388888888886,5698.310326086956,0.95,2.5,1.682342264463311,0.7,0.6,600,405662720,4056627.2,60,0.17777777777777776,85,4.6790920443469775,0.8837209302325582,20,0.4897959183673469,15.308