name,overallScore,confidence,collectedAt,dx_codeReviewDuration,dx_debuggingTime,dx_successfulDeploymentsRatio,dx_timeToFirstCommit,dx_linesChangedPerHour,dx_averageCommentsPerPR,dx_prIterationRate,tp_buildTime,tp_bundleSize,tp_bundleLoadTime,tp_performanceScore,tp_typeScriptErrorRate,tp_testCoverage,bi_timeToMarket,bi_featureSuccessRate,bi_activeContributors,bi_issueResolutionRate,bi_communityGrowth,avg_dx,avg_tp,avg_bi,Cluster,dx_tp_interaction,tp_bi_interaction,dx_bi_interaction,testCov_x_codeReview,bundleSize_x_buildTime,avg_dx_squared,avg_tp_squared,avg_bi_squared,tp_testCoverage_squared,dx_codeReviewDuration_squared,tp_bundleSize_log,tp_bundleLoadTime_log,dx_codeReviewDuration_log,testCov_per_errorRate,performance_efficiency,dx_efficiency,overallScore_category,testCoverage_category,confidence_std,dx_codeReviewDuration_std,dx_debuggingTime_std,dx_successfulDeploymentsRatio_std,dx_timeToFirstCommit_std,dx_linesChangedPerHour_std,dx_averageCommentsPerPR_std,dx_prIterationRate_std,tp_buildTime_std,tp_bundleSize_std,tp_bundleLoadTime_std,tp_performanceScore_std,tp_typeScriptErrorRate_std,tp_testCoverage_std,bi_featureSuccessRate_std,bi_activeContributors_std,bi_issueResolutionRate_std,avg_dx_std,avg_tp_std,avg_bi_std,dx_tp_interaction_std,tp_bi_interaction_std,dx_bi_interaction_std,testCov_x_codeReview_std,bundleSize_x_buildTime_std,avg_dx_squared_std,avg_tp_squared_std,avg_bi_squared_std,tp_testCoverage_squared_std,dx_codeReviewDuration_squared_std,tp_bundleSize_log_std,tp_bundleLoadTime_log_std,dx_codeReviewDuration_log_std,testCov_per_errorRate_std,performance_efficiency_std,dx_efficiency_std,confidence_norm,dx_codeReviewDuration_norm,dx_debuggingTime_norm,dx_successfulDeploymentsRatio_norm,dx_timeToFirstCommit_norm,dx_linesChangedPerHour_norm,dx_averageCommentsPerPR_norm,dx_prIterationRate_norm,tp_buildTime_norm,tp_bundleSize_norm,tp_bundleLoadTime_norm,tp_performanceScore_norm,tp_typeScriptErrorRate_norm,tp_testCoverage_norm,bi_featureSuccessRate_norm,bi_activeContributors_norm,bi_issueResolutionRate_norm,avg_dx_norm,avg_tp_norm,avg_bi_norm,dx_tp_interaction_norm,tp_bi_interaction_norm,dx_bi_interaction_norm,testCov_x_codeReview_norm,bundleSize_x_buildTime_norm,avg_dx_squared_norm,avg_tp_squared_norm,avg_bi_squared_norm,tp_testCoverage_squared_norm,dx_codeReviewDuration_squared_norm,tp_bundleSize_log_norm,tp_bundleLoadTime_log_norm,dx_codeReviewDuration_log_norm,testCov_per_errorRate_norm,performance_efficiency_norm,dx_efficiency_norm
microsoft/TypeScript,57,90,2025-10-09T12:01:32.171Z,470.8465740740742,6593.842569444445,0.95,2.5,1.687289637854646,12.6,0.5,600.0,2928311296,29283112.96,60.0,0.43125,95,17.56643145794099,0.59,21,0.2625,106.321,1011.8466333080534,492932527.3985417,29.1479862915882,0,498772118296.2442,14367990551.290619,29493.291796852813,44730.42453703705,1756986777600.0,1023833.6093368422,2.4298247656751405e+17,849.6051048546136,9025,221696.49631729268,21.797691744675614,17.192521592495403,6.156653877815942,215.29745042492917,0.09983361064891846,0.153429990580244,Low,High,0.0,0.3837638085527348,0.36694389066466554,-2.220446049250313e-16,0.0,-0.20167657604195902,3.083272151569933,0.016554385651454295,0.1605575176262903,5.863248996903447,5.863248996903447,-0.6084655483959112,1.985864097427225,1.3511890395259079,-0.7912151466183174,-0.17948953965443454,-1.249524515767688,0.37610292934017275,5.8632489801342045,2.2409120398905484,6.697192426759645,6.302630925752443,0.7842205939473214,0.5312070166524465,5.863096487339149,-0.07317667163101764,6.882565728736159,2.6868552021266128,1.400887107709623,-0.05038597891001331,2.3710629091312887,2.371068648143217,0.7935913479958835,-1.3087739144119344,-0.2963589282596785,-0.3317165231165432,0.0,0.25225271051149695,0.12614753512744498,0.0,0.0,0.004987932645685139,0.9999999999999999,0.5,0.9999999999999998,1.0,1.0,0.0,0.7638888888888888,1.0,0.5638297872340425,0.37037037037037035,0.09861111111111112,0.1316067815830475,0.9999999999999999,0.9501340900174048,1.0000000000000002,0.9999999999999999,0.16589186482679047,0.2819338311665409,1.0,0.017410884515455548,0.9999999999999999,0.915697995065534,1.0000000000000002,0.06368067761537691,1.0000000000000002,0.9999999999999998,0.8119559969524357,0.1724046918637635,0.0,9.241654626690747e-05
angular/angular,78,90,2025-10-09T12:01:51.165Z,0.2436111111111111,2036.8355555555556,0.95,2.5,94.4127708095781,0.0,0.0,600.0,585264128,5852641.28,60.0,0.261111111111111,95,0.0056230709876543,0.06,1,0.5555555555555556,99.042,304.99170535374924,98519587.42351852,20.13263572530864,1,30047656979.0467,1983458965.4053967,6140.286903127698,23.143055555555556,351158476800.0,93019.94033458819,9706109106100310.0,405.3230212479737,9025,0.05934637345679012,20.18757380586362,15.582403789029911,0.21801933379676416,350.40983606557387,0.09983361064891846,0.14966453231335552,High,High,0.0,-0.8473831010802046,-0.2225619300453761,-2.220446049250313e-16,0.0,1.637301614045139,-1.381386712968498,-2.052743820780302,0.1605575176262903,0.7594585182265563,0.7594585182265562,-0.6084655483959112,0.1481194682897193,1.3511890395259079,-3.9347236001993395,-1.97438493619878,0.12006185679703256,-0.2480036662522645,0.7594585384863269,0.7782196865458829,0.1122707099925681,0.5447709658803119,-0.13989516734583507,-0.8478389385513179,0.7595054187800847,-0.1862903324647347,0.06278859080067183,0.6159369998139066,1.400887107709623,-0.42914079883244455,1.3277426854778591,1.3277448738930047,-3.49047756770686,-0.20120270520966427,-0.2963589282596785,-0.3319156305987121,0.0,0.0,0.03896692741557547,0.0,0.0,0.2825172766476785,0.0,0.0,0.9999999999999998,0.19939678307633632,0.19939678307633632,0.0,0.30178326474622746,1.0,0.0,0.0,0.45679012345679004,0.03939210006482922,0.19939689537849334,0.5981353657112374,0.06022769681557417,0.1378694016466374,0.034348251869132,0.0,0.19973411995862272,0.001581715292497136,0.03994538927997405,0.42343069451142834,1.0000000000000002,0.0,0.7837676381636374,0.7837659752168775,0.0,0.49019085154675657,0.0,5.70460503133616e-05
remix-run/remix,68,90,2025-10-02T08:05:01.497Z,36.86667508417509,1745.225524691358,0.95,2.5,3.785960010146672,0.1,0.3,600.0,56610816,566108.16,60.0,0.1603448275862068,85,2.456469671201814,0.49,10,0.7931034482758621,31.692,255.67545139795425,9529611.553390805,9.086314623895536,1,2436487735.5603538,86589048.81761873,2323.147593008324,3133.667382154883,33966489600.0,65369.93644754766,90813496358519.5,82.56111344441787,7225,1359.1517317621365,17.85171063798784,13.246542200780612,3.634071439912273,498.9878542510124,0.09983361064891846,0.14641605438859015,Medium,Medium,0.0,-0.7515733090044254,-0.26028533271909227,-2.220446049250313e-16,0.0,-0.16005469396534241,-1.3459529124562883,-0.8111648969212483,0.1605575176262903,-0.3920913853162324,-0.3920913853162324,-0.6084655483959112,-0.9403012775808814,-0.11749469908920893,-1.3843299491807743,-1.1666820077538245,1.2302348275309782,-0.29154668780662935,-0.39209137840330455,-1.0139867605401298,-0.27562751803211366,-0.3371284637480618,-0.29094547609992705,-0.7518913468164788,-0.39199949257446504,-0.1896503961014045,-0.21831220773887652,-0.8885430018495448,-0.15854195467585716,-0.42681887251410067,-0.18584412949180898,-0.18584619573743874,-1.0261732678288846,1.0167517738134608,-0.2963589282596785,-0.33208740152661453,0.0,0.01963070333487977,0.033388103501516504,0.0,0.0,0.011269297857691615,0.007936507936507936,0.3,0.9999999999999998,0.018759556474609956,0.018759556474609956,0.0,0.028097062579820975,0.5999999999999996,0.45744680851063835,0.16666666666666666,0.7471264367816092,0.03295841406738336,0.018759690710895543,0.16683866710949657,0.004868494864288877,0.005821646360507816,0.012846937657069948,0.01961564226843284,0.01917300546531487,0.0011115066942364645,0.00037340441058704215,0.06580850145260617,0.5636363636363637,0.00039038933248531607,0.47007061166567543,0.47006672198439925,0.4670575319802889,0.8396483612234773,0.0,2.6531763034314763e-05
vitejs/vite,68,90,2025-10-02T08:05:16.064Z,669.5185690235688,1151.726875,0.95,2.5,0.062279033959851,2.4,0.7,600.0,59602944,596029.44,60.0,0.1790322580645161,95,13.476939553990608,0.71,26,0.5645161290322581,75.561,261.1225318653613,10033288.103172043,23.262491136604577,1,2619917592.434892,233399275.5710398,6074.360583085713,63604.26405723904,35761766400.0,68184.97664777662,100666870161253.66,541.1434938806066,9025,448255.1142673673,17.903215543566485,13.298047018568766,6.508051396631421,502.55972696245743,0.09983361064891846,0.2265259338777551,Medium,High,0.0,0.9035106692029323,-0.3370618019038588,-2.220446049250313e-16,0.0,-0.23390460032892374,-0.5309755006754636,0.8442736682241566,0.1605575176262903,-0.38557372122224925,-0.38557372122224925,-0.6084655483959112,-0.7384501592494265,1.3511890395259079,-0.07947738354336904,0.26923430948165183,0.16193882889807903,-0.2867372725900303,-0.3855736927497394,1.2860219670584465,-0.273050585638523,-0.2688729370483937,-0.1425039772917973,1.1133916449054684,-0.3854820831320335,-0.18930830883620212,-0.21802414678301252,1.2490327275062902,1.400887107709623,0.3366755802020596,-0.15247010867491737,-0.15247211542409167,1.0470858468160826,1.0460318680059633,-0.2963589282596785,-0.32785140280576724,0.0,0.35874491981082635,0.022033814864573863,0.0,0.0,0.00012424122886740764,0.19047619047619047,0.7,0.9999999999999998,0.019781946179334573,0.01978194617933457,0.0,0.07885304659498199,1.0,0.6914893617021276,0.4629629629629629,0.467741935483871,0.03366902776001156,0.019782083661556454,0.7203386127108241,0.0052362638059467335,0.016041620184917324,0.03397689981543309,0.4009563641505054,0.020194964382667935,0.0011593785177633137,0.0004139562120978728,0.573920619471008,1.0000000000000002,0.1287579811020204,0.47698751328571887,0.47698366559068894,0.860000597205499,0.8480494541837154,0.0,0.0007790367617557558
remix-run/react-router,68,90,2025-10-02T08:05:30.243Z,183.3248062015504,672.3727146464648,0.95,2.5,0.3620464376778624,2.7,0.6,600.0,43671552,436715.52,60.0,0.177906976744186,95,5.446009466999052,0.78,21,0.6744186046511628,55.562,123.2585096122419,7351503.782984496,16.692485614330042,1,906135399.6994271,122714871.14116159,2057.4908985461093,17415.856589147286,26202931200.0,15192.660191831128,54044607871235.36,278.63907598461543,9025,33607.98456883601,17.592207487000252,12.987039567931493,5.216699452479802,505.56930693069313,0.09983361064891846,0.18304648663549616,Medium,High,0.0,-0.36842341470602696,-0.3990722545647232,-2.220446049250313e-16,0.0,-0.22795946302070594,-0.42467409913883414,0.4304140269378055,0.1605575176262903,-0.420276602116907,-0.42027660211690704,-0.6084655483959112,-0.7506048154612457,1.3511890395259079,0.3357029782503512,-0.17948953965443454,0.6755647611327726,-0.40846217282109537,-0.4202765733925528,0.22007375259772127,-0.2971268234073804,-0.32033271944140995,-0.3014579364690651,-0.31134129311849096,-0.4201836081509756,-0.19574800252572,-0.21938713713623334,0.0254290818332269,1.400887107709623,-0.37172371157781237,-0.35399633685551646,-0.3539986537434792,0.11551804580637128,1.070702619756845,-0.2963589282596785,-0.33015048107271516,0.0,0.09813522510456887,0.012863237140759745,0.0,0.0,0.0010214514655332962,0.2142857142857143,0.6,0.9999999999999998,0.01433829832645792,0.01433829832645792,0.0,0.07579672695951761,1.0,0.7659574468085106,0.37037037037037035,0.6020671834625322,0.01568360189379503,0.014338436572281463,0.4638168562330297,0.0018002045187964634,0.008336491318495549,0.011350537448403943,0.10968223068850234,0.014753610229287034,0.00025820530487220226,0.00022208114836629186,0.2830640984693695,1.0000000000000002,0.009653630345417176,0.43522038244369265,0.43521629139975015,0.6834413313577524,0.8551280270016672,0.0,0.00037061645704327306
storybookjs/storybook,66,90,2025-10-02T08:05:44.532Z,394.82046296296295,3281.3515,0.95,2.5,0.1004676058808727,6.6,0.6,600.0,1081166848,10811668.48,60.0,0.18,95,15.013291015625,0.64,33,0.2,87.87,526.7032043669776,181996545.27666667,27.344658203125004,0,95858163580.94006,4976633324.740014,14402.5190979057,37507.94398148148,648700108800.0,277416.26549044217,3.312274249264178e+16,747.7303322457316,9025,155883.1979742884,20.801306710594243,16.19613661617388,5.980960732092192,500.0,0.09983361064891846,0.16046520440208112,Medium,High,0.0,0.18487149568554725,-0.06156823594299019,-2.220446049250313e-16,0.0,-0.2331472254413966,0.9572441208373468,0.4304140269378055,0.1605575176262903,1.8396687740219584,1.8396687740219582,-0.6084655483959112,-0.7279971549072615,1.3511890395259079,-0.4946577453370887,0.8974476982721727,-1.5416163961724862,-0.05224693685759124,1.8396687861919943,1.948331714125657,1.0368160876680617,1.9363681108357818,0.18705457764007347,0.30842154934993576,1.839673469697507,-0.16388225652293997,0.7473680994530763,2.21198950590152,1.400887107709623,-0.16282397883003735,1.7254278090281714,1.725431333988608,0.6668481482387643,1.0250487444115282,-0.2963589282596785,-0.33134451960161815,0.0,0.21150117661404597,0.06277590028155916,0.0,0.0,0.00023854043960955772,0.5238095238095237,0.6,0.9999999999999998,0.3688433560414415,0.3688433560414414,0.0,0.08148148148148149,1.0,0.6170212765957447,0.5925925925925926,0.022222222222222254,0.06831607648754623,0.36884344453537776,0.8797242726755506,0.19217492054098984,0.3462347470368601,0.08088803888764175,0.23638729945901402,0.36910929603519443,0.004717510062370253,0.13631711820793013,0.8028201159945891,1.0000000000000002,0.0447762897422636,0.8661894982818541,0.8661884657136787,0.7879344643532449,0.8420289417238151,0.0,0.00015850119901841516
nestjs/nest,84,90,2025-10-09T12:02:04.319Z,15.970069444444436,0.0,0.95,2.5,0.4508433745417863,1.4,0.0,600.0,443699200,4436992.0,60.0,0.238235294117647,95,1.251645423112986,0.79,4,0.6470588235294118,72.967,3.038701831283746,74689491.20637254,15.93114084932848,1,226959093.7064555,1189888804.3734019,48.40998687329375,1517.1565972222213,266219520000.0,9.233708819447191,5578520096666802.0,253.80124876114257,9025,255.0431180603778,19.910657415581234,15.305487452717252,2.8314511714265915,382.70142180094797,0.09983361064891846,3.038701831283746,Very High,High,0.0,-0.8062410299494748,-0.4860520699924041,-2.220446049250313e-16,0.0,-0.2261983976891939,-0.8853135057975613,-2.052743820780302,0.1605575176262903,0.4510918145985993,0.45109181459859926,-0.6084655483959112,-0.0989722465522978,1.3511890395259079,0.39501445850659694,-1.7051506267171281,0.5476996424877176,-0.5146083875388647,0.4510918370684654,0.09654964137878955,-0.3066682985722966,0.17582153700057604,-0.3809604820574892,-0.8017544247231068,0.45115076334277376,-0.19759311182169118,-0.05788045710871225,-0.09034670657000202,1.400887107709623,-0.42870517463456403,1.1483070905574695,1.148308688210547,-1.6051751440759092,0.06350456415282797,-0.2963589282596785,-0.17915097309384323,0.0,0.008429699881939883,0.0,0.0,0.0,0.001287222592582959,0.11111111111111109,0.0,0.9999999999999998,0.15102501390827883,0.15102501390827883,0.0,0.2396514161220042,1.0,0.7765957446808511,0.05555555555555555,0.5686274509803921,0.0,0.15102513299137574,0.43409062605845283,0.000438485355350945,0.08262620467779656,3.3717062830339485e-05,0.009421574017897935,0.1513827323996531,0.0,0.022958195494390883,0.25554363205831854,1.0000000000000002,7.324222068610704e-05,0.7465788809561118,0.7465769361290511,0.3573197908477175,0.5661410982414732,0.0,0.027194959911012027
withastro/astro,71,90,2025-10-02T08:06:13.262Z,385.9310579196217,38.399027777777775,0.95,2.5,0.1130176501256862,5.0,0.6,600.0,206482432,2064824.32,60.0,0.1575,95,11.56654513888889,0.84,22,0.625,53.619,61.9275861925036,34758001.91291667,17.73010902777778,1,2152479159.341352,616263163.5037211,1097.9828550201946,36663.45050236406,123889459200.0,3835.025931629962,1208118696978318.8,314.3567661368871,9025,148942.7814669584,19.145725896528766,14.540556190000235,5.958246532249555,567.1641791044776,0.09983361064891846,1.5718049323905552,High,High,0.0,0.1616158759616945,-0.4810846757541211,-2.220446049250313e-16,0.0,-0.2328983266774409,0.39030331264199053,0.4304140269378055,0.1605575176262903,-0.06563046843352145,-0.06563046843352148,-0.6084655483959112,-0.9710295058625885,1.3511890395259079,0.6915718597878251,-0.08974476982721727,0.44460839058014157,-0.46261336043580187,-0.0656304423517046,0.3884225950906789,-0.2796174404612463,-0.09087051240110054,-0.33942720467009696,0.2823722062008733,-0.06555133084112263,-0.19712819668526527,-0.18564806543331822,0.1919188355510362,1.400887107709623,-0.17468125646759025,0.6526486643640292,0.652648699641889,0.6504623617806798,1.5756208530535525,-0.2963589282596785,-0.2567166045359277,0.0,0.2067362756391367,0.0007346160686188595,0.0,0.0,0.0002761029898648507,0.3968253968253968,0.6,0.9999999999999998,0.06996966420691321,0.06996966420691321,0.0,0.020370370370370428,1.0,0.8297872340425532,0.38888888888888884,0.5416666666666666,0.007682509524336416,0.06996979463831426,0.5043302134406732,0.004299069933813912,0.04269411571954791,0.005945787383831,0.2310617400853948,0.07036153564494434,6.506040308976082e-05,0.004971701362437225,0.32263952039625077,1.0000000000000002,0.04278270593839897,0.6438516551916236,0.643848946125007,0.7848288799564446,1.0000000000000002,0.0,0.013415794893351448
BuilderIO/qwik,71,90,2025-10-02T08:06:27.253Z,96.13494152046783,5056.698277777777,0.95,2.5,1.6166968031960434,3.1,0.5,600.0,62744576,627445.76,60.0,0.28,85,5.074989872685185,0.8,11,0.6333333333333333,21.702,737.3571308716344,10562127.84,7.842064641203703,1,7788060280.001813,82828889.26993725,5782.402283947855,8171.470029239766,37646745600.0,543695.5384472485,111558544508503.06,61.49797783681736,7225,9241.92698114377,17.954582709930786,13.349414101767053,4.576101161446684,293.10344827586204,0.09983361064891846,0.14578907051679846,High,Medium,0.0,-0.5965212825511068,0.16809506193850263,-2.220446049250313e-16,0.0,-0.2030766084998459,-0.2829388970899951,0.016554385651454295,0.1605575176262903,-0.37873039697846406,-0.37873039697846406,-0.6084655483959112,0.352146627116415,-0.11749469908920893,0.4543259387628427,-1.0769372379266073,0.48355397463411454,0.13374668038928453,-0.37873038990537267,-1.2158596574344356,-0.20044542455289277,-0.3388766503429429,-0.15405723423245476,-0.5964947059705142,-0.37863902626366264,-0.1315236606284785,-0.21770573136650234,-0.9867239380994549,-0.15854195467585716,-0.41335163253107754,-0.11918533977209529,-0.1191872843394887,-0.3466028686437601,-0.6709664868075812,-0.2963589282596785,-0.33212055477682334,0.0,0.05139969340188249,0.09674025682396707,0.0,0.0,0.004776646785029852,0.24603174603174602,0.5,0.9999999999999998,0.020855420379914696,0.020855420379914696,0.0,0.3530864197530866,0.5999999999999996,0.7872340425531915,0.18518518518518517,0.5518518518518517,0.095797507223847,0.020855554362539275,0.11825770473808667,0.015598166709481661,0.005559888491163657,0.032332347019065275,0.0513851203911835,0.021267986271250823,0.009245784423357764,0.00045878116496099317,0.04247041673267667,0.5636363636363637,0.002654658782319509,0.48388591708338713,0.4838821118518437,0.5958559411158735,0.35540545186154393,0.0,2.0642246027803785e-05
trpc/trpc,68,90,2025-10-09T12:02:18.746Z,129.12643631436316,510.55911616161626,0.95,2.5,0.7933234069966296,7.2,0.6,600.0,54971392,549713.92,60.0,0.3214285714285714,85,6.825439814814813,0.82,33,0.2571428571428571,38.619,93.10412512613944,9253641.87357143,15.904316534391535,1,861552230.8694777,147172849.45317996,1480.7574766637179,10975.747086720869,32982835200.0,8668.378115503829,85629887924314.55,252.94728442611998,7225,16673.636555247285,17.822323480610905,13.217155095557908,4.868506564832818,256.4655172413793,0.09983361064891846,0.1820007154299742,Medium,Medium,0.0,-0.5102120578833648,-0.42000486622981936,-2.220446049250313e-16,0.0,-0.21940616213251457,1.1698469239106055,0.4304140269378055,0.1605575176262903,-0.3956624942191985,-0.3956624942191986,-0.6084655483959112,0.7996347653833659,-0.11749469908920893,0.5729488992753335,0.8974476982721727,-1.274560962659528,-0.4350865189203326,-0.39566248693269496,0.0921975399210011,-0.2977531544416209,-0.3089616301882086,-0.3242802005696161,-0.5099936527809594,-0.3955704619506911,-0.19654084158099114,-0.21846374925453155,-0.0943272638573176,-0.15854195467585716,-0.40065501070027826,-0.20488634675302653,-0.2048884456083787,-0.13566466556951273,-0.9713025173359648,-0.2963589282596785,-0.3302057786904015,0.0,0.06908380217414493,0.00976756320193146,0.0,0.0,0.00231227263858864,0.5714285714285714,0.6,0.9999999999999998,0.01819937648923552,0.018199376489235516,0.0,0.4656084656084655,0.5999999999999996,0.8085106382978723,0.5925925925925926,0.09206349206349204,0.01174972967787748,0.018199510858635155,0.43304328745871956,0.0017108171906061638,0.010039096809096894,0.008101893499880294,0.06906950083814872,0.01861306151367823,0.00014725510239483705,0.00035207114296297026,0.2545974342855917,0.5636363636363637,0.004789362920941614,0.4661240346515967,0.4661201212913608,0.6358348822446511,0.2692325421984334,0.0,0.00036079309861741663
mui/material-ui,71,90,2025-10-02T08:07:00.944Z,246.14245555555553,134.72972222222222,0.95,2.5,0.1689265669595759,5.7,0.7,600.0,714881024,7148810.24,60.0,0.35,95,6.744064351851854,1.0,47,0.6666666666666666,96.715,55.84158633496247,120338431.59833334,30.425146203703708,1,6719888917.512307,3661314375.30369,1698.9884284879763,23383.533277777777,428928614400.0,3118.2827644050676,1.4481338119546752e+16,925.6895215167461,9025,60586.10842691863,20.3876266882111,15.782456640707581,5.509964913515474,263.8888888888889,0.09983361064891846,0.4114175246268931,High,High,0.0,-0.20408582875955766,-0.4686230962755373,-2.220446049250313e-16,0.0,-0.23178951303323336,0.638339916227459,0.8442736682241566,0.1605575176262903,1.0417991764580055,1.0417991764580052,-0.6084655483959112,1.1082472745329877,1.3511890395259079,1.6405555438877564,2.1538744758532147,0.6393363108500069,-0.4679868996185287,1.0417991948407466,2.4481243966054373,-0.21545173504567044,1.324845401163662,-0.3156444527033107,-0.1272616504583003,1.0418350456840997,-0.19721529622647557,0.20239123468912754,3.0415051175561523,1.400887107709623,-0.325633234963371,1.457372455398493,1.4573750759891695,0.3270766854834752,-0.9104501189936123,-0.2963589282596785,-0.3180748241003319,0.0,0.13180675623505958,0.0025775292915691554,0.0,0.0,0.00044343957110119705,0.4523809523809524,0.7,0.9999999999999998,0.24368599130163995,0.24368599130163993,0.0,0.5432098765432098,1.0,1.0,0.8518518518518519,0.5925925925925924,0.006888543865488583,0.24368609741815214,0.9999999999999999,0.013456529256421393,0.2546707904157264,0.009331152346559382,0.14731569656331217,0.2440046667757458,5.2871659777081163e-05,0.05959796138358252,0.9999999999999999,1.0000000000000002,0.017402898811556856,0.8106339354698362,0.8106324772793341,0.7235378633167269,0.28669241278376967,0.0,0.0025157994076052386
ant-design/ant-design,70,90,2025-10-02T08:07:19.729Z,141.97487080103355,0.0,0.95,2.5,0.4974676615534559,10.6,0.8,600.0,243172352,2431723.52,60.0,0.1875,95,7.161035294423635,0.89,21,0.25,96.255,22.474619780369572,40934138.45125,25.111207058884723,1,919979197.72885,1027905626.4263936,564.3648308745667,13487.612726098187,145903411200.0,505.1085342721792,1675603690746104.0,630.5727199541819,9025,20156.863938970168,19.30928102149553,14.704111242626006,4.962668886153716,481.0126582278481,0.09983361064891846,22.474619780369572,Medium,High,0.0,-0.476599200216061,-0.4860520699924041,-2.220446049250313e-16,0.0,-0.22527372147442146,2.3745961413257377,1.2581333095105083,0.1605575176262903,0.014290101206251515,0.014290101206251486,-0.6084655483959112,-0.6469863712554856,1.3511890395259079,0.9881292610690539,-0.17948953965443454,-1.3079428918486478,-0.49744774522924207,0.014290126767183959,1.5859662258141682,-0.29693233744855013,0.10051174849497747,-0.3605433235107857,-0.43251235588229997,0.014366116223326137,-0.1975328524822657,-0.17198125679976556,1.6658863863148208,1.400887107709623,-0.39470412949309,0.7586287080904489,0.7586290660696978,-0.0677369507368943,0.8694017769895211,-0.2963589282596785,0.8485690047143284,0.0,0.07597082303921984,0.0,0.0,0.0,0.0014267700786180623,0.8412698412698412,0.8,0.9999999999999998,0.0825063593199464,0.08250635931994639,0.0,0.10185185185185192,1.0,0.8829787234042553,0.37037037037037035,0.08333333333333334,0.0025355655210273025,0.08250648800204903,0.7925205696367276,0.0018279607360042666,0.07134998860469173,0.002940005337585471,0.08490987134644232,0.08289294837894855,8.432715146856371e-06,0.00689564731801467,0.6730087558921451,1.0000000000000002,0.005789894472619217,0.66581645050848,0.665813902494514,0.6487091651992175,0.7973704568946824,0.0,0.20976451942963562
chakra-ui/chakra-ui,77,90,2025-10-02T08:07:33.843Z,61.732325581395344,1628.496666666667,0.95,2.5,0.5270315578510374,2.0,0.2,600.0,285070336,2850703.36,60.0,0.1961538461538461,85,4.214769345238095,0.84,28,0.9807692307692308,39.765,242.34371768655905,47986964.09269231,14.760107715201466,1,11629339278.71447,708292758.9336435,3577.019377155986,5247.247674418604,171042201600.0,58730.47750214263,2302748722833341.0,217.86077976434984,7225,3810.880021687398,19.46824650427491,14.86307666556947,4.138876874295619,412.313432835821,0.09983361064891846,0.14872305212032286,High,Medium,0.0,-0.6865221487377724,-0.27538566963774624,-2.220446049250313e-16,0.0,-0.22468739547407898,-0.6727107027243027,-1.2250245382075995,0.1605575176262903,0.10555524291378574,0.10555524291378567,-0.6084655483959112,-0.553512390118822,-0.11749469908920893,0.6915718597878251,0.4487238491360864,2.1072852482689934,-0.30331773531710476,0.10555524625763936,-0.0934442139026122,-0.1464808385620054,-0.048083789385019234,-0.24132776379075133,-0.6866956056204502,0.10562769211193863,-0.1904572315962839,-0.15364682627625437,-0.25787489235885874,-0.15854195467585716,-0.4226302444980754,0.8616347668695528,0.8616354452822548,-0.6620119014593211,0.3062462692399975,-0.2963589282596785,-0.3319654135832681,0.0,0.03295919514263111,0.031154950743776808,0.0,0.0,0.001515255451160004,0.15873015873015872,0.2,0.9999999999999998,0.09682261433654887,0.09682261433654885,0.0,0.12535612535612523,0.5999999999999996,0.8297872340425532,0.5,0.9764957264957265,0.031219186497958424,0.09682273762928097,0.3883683697465644,0.023299765217162767,0.04910061802639682,0.019909789971924184,0.03294433883708543,0.09720317119291776,0.000998597824614518,0.009476678076499465,0.2157213697917983,0.5636363636363637,0.0010946303250986063,0.6871648753432502,0.6871624852692855,0.5360767310408757,0.6357889489743516,0.0,4.8202340199553e-05
mantinedev/mantine,73,90,2025-10-02T08:07:47.176Z,87.35621273712738,5.903888888888889,0.95,2.5,0.1069353068538411,1.4,0.2,600.0,203544576,2035445.76,60.0,0.1764705882352941,85,5.686848668981481,0.8,55,0.8382352941176471,29.777,14.059576704695733,34263461.15607843,18.420416792619825,1,481729760.2922474,631147235.2527041,258.9832628283038,7425.278082655827,122126745600.0,197.6716971152229,1173984770394095.2,339.3117548138305,7225,7631.107903774256,19.13139559045568,14.526225890847412,4.481376515898688,455.83596214511044,0.09983361064891846,2.0364720422026488,High,Medium,0.0,-0.6194873615236396,-0.4852883281648805,-2.220446049250313e-16,0.0,-0.23301895475593887,-0.8853135057975613,-1.2250245382075995,0.1605575176262903,-0.07202991343202854,-0.07202991343202857,-0.6084655483959112,-0.7661198766257442,-0.11749469908920893,0.4543259387628427,2.8718326344709526,1.4411571590200416,-0.5048776769988654,-0.07202990882944275,0.500421333427661,-0.30308912779362307,-0.08395055744204444,-0.3726277606752638,-0.619511828721949,-0.07195052580701444,-0.19757021259770455,-0.1866459623685299,0.30824074497861953,-0.15854195467585716,-0.4161036185255874,0.6433629482206343,0.6433629556012492,-0.4149362382988803,0.6630181535203832,-0.2963589282596785,-0.23214623574577065,0.0,0.046694117141800155,0.00011294795457368525,0.0,0.0,0.0002578984066488957,0.11111111111111109,0.2,0.9999999999999998,0.06896581887397175,0.06896581887397175,0.0,0.07189542483660127,0.5999999999999996,0.7872340425531915,0.9999999999999999,0.8022875816993463,0.0014377581966430319,0.068965946069574,0.5312828483733508,0.000949289539643634,0.04373024805882103,0.001219841488252562,0.046679471840998896,0.06935811328564045,3.204526216256572e-06,0.00483122235054339,0.35028980242345426,0.5636363636363637,0.002191962801435872,0.6419271527354196,0.6419244296359081,0.5829047747422249,0.7381545269582621,0.0,0.017780603892001087
radix-ui/primitives,63,90,2025-10-02T08:08:01.959Z,994.7876058201064,4445.979259259259,0.95,2.5,0.0344174927771333,5.4,0.7,600.0,22098944,220989.44,78.419,0.1608433734939759,85,21.655008169934632,0.51,16,0.1927710843373494,17.953,778.6216117960203,3720116.1699738954,11.262155850854398,0,2896562848.3335123,41896528.08952956,8768.957940890232,84556.94649470905,13259366400.0,606251.6143558325,13839264318101.244,126.83615440893396,7225,989602.3806932993,16.911040427791946,12.305874721645687,6.90353398767562,497.5317348377997,0.13048086522462563,0.17509000298906646,Medium,Medium,0.0,1.7544487230775658,0.08909092278802296,-2.220446049250313e-16,0.0,-0.23445716436989475,0.5320385146908297,0.8442736682241566,0.1605575176262903,-0.4672675772941634,-0.46726757729416346,0.9853633885474006,-0.9349162649575801,-0.11749469908920893,-1.2657069886682828,-0.6282133887905209,-1.5754005172795473,0.1701805138254326,-0.46726753010501687,-0.6609681728139082,-0.2691641075394536,-0.3579070675912064,-0.03587444931378799,1.7597005012833862,-0.46717274734457714,-0.12392176672741818,-0.22056253045091131,-0.68216513601884,-0.15854195467585716,1.2615343159225165,-0.7953772763678871,-0.7953796985240977,1.332382856159812,1.0048153704142622,0.14740116518271906,-0.330571198901323,0.0,0.5330957051539434,0.08505652339688068,0.0,0.0,4.0851041514223515e-05,0.4285714285714286,0.7,0.9999999999999998,0.006967085489553921,0.00696708548955392,0.48052490151574445,0.029451137884872858,0.5999999999999996,0.4787234042553191,0.2777777777777778,0.013386880856760403,0.10118077727824044,0.0069672276123409526,0.2517930269595709,0.005790925597162605,0.0027104435370484676,0.04915512092765528,0.5330885322685491,0.00738550327792597,0.010309596381064209,5.6615071052850336e-05,0.11486552108435405,0.5636363636363637,0.28425601806757317,0.34374238666009327,0.34373788159884033,0.9140727006677369,0.8362235486559941,0.06308374544149553,0.0002958779384689997
shadcn-ui/ui,71,90,2025-10-02T08:08:17.342Z,14.992048611111112,6063.613835125446,0.95,2.5,115.8780927852959,1.125,0.5,600.0,38243328,382433.28,62.653,0.1915384615384615,95,2.6354687500000007,0.3,21,0.3076923076923077,95.763,885.6512823602646,6437753.1874230765,24.00123221153846,1,5701604365.960129,154514009.17191315,21256.72208637553,1424.2446180555557,22945996800.0,784378.1939463812,41444666102175.984,576.0591476721914,9025,224.76152155791863,17.4594796977977,12.854312100493033,2.772091636907781,471.3740458015268,0.10424792013311147,0.1460358905674569,High,High,0.0,-0.8087996354434435,0.298352175919416,-2.220446049250313e-16,0.0,2.063012631747358,-0.9827564572061381,0.016554385651454295,0.1605575176262903,-0.4321007422134863,-0.4321007422134863,-0.3788967243712299,-0.6033651800583761,1.3511890395259079,-2.5112480740494427,-0.17948953965443454,-1.0383196176288338,0.26468070146159905,-0.4321007076513622,1.4058787506037291,-0.22975720576618977,-0.30554855240562256,0.4582863545172997,-0.8046203983366631,-0.43200728626676244,-0.10227559824036447,-0.2197554933300092,1.4117839741819531,1.400887107709623,-0.42875690889239404,-0.44000096010566503,-0.4400033684149883,-1.6479964921143615,0.7903901484890375,-0.23244147737186266,-0.3321075035848164,0.0,0.007905460925619372,0.11600367027418959,0.0,0.0,0.34676344341256116,0.08928571428571427,0.5,0.9999999999999998,0.012483511254334312,0.01248351125433431,0.0692129086118285,0.1128205128205127,1.0,0.2553191489361702,0.37037037037037035,0.15384615384615388,0.11514362395831573,0.01248365066261392,0.7491822959439438,0.011414912704940168,0.0105501406363929,0.11949663033664905,0.008835650889054275,0.012899604677990456,0.013338769528540557,0.00017022577903836282,0.6126073801423725,1.0000000000000002,6.454405390048127e-05,0.41739557430463026,0.41739138789162356,0.34920389658421325,0.7747003100157721,0.00908633349564511,2.296072813125368e-05
tailwindlabs/headlessui,77,90,2025-10-02T08:08:30.068Z,562.3750877192983,0.0,0.95,2.5,0.0495080700961897,3.2,1.0,600.0,7260160,72601.6,92.91,0.1644578313253012,85,11.803094729344728,0.78,13,0.3253012048192771,28.0,81.43922796991352,1222256.6124096385,10.7816791868328,1,99539634.89576277,13177978.678985763,878.0516291949482,47801.88245614036,4356096000.0,6632.347852335544,1493911226579.0852,116.2446060877836,7225,316265.7392872885,15.797912562863628,11.192756012843805,6.333945636714015,487.2237569060773,0.15459234608985026,81.43922796991352,High,Medium,0.0,0.6232120389848973,-0.4860520699924041,-2.220446049250313e-16,0.0,-0.23415788048142214,-0.2475050965777853,2.0858525920832105,0.1605575176262903,-0.49959046243650085,-0.49959046243650085,2.239295476350513,-0.895874923438652,-0.11749469908920893,0.3357029782503512,-0.8974476982721727,-0.9560249636500957,-0.4453858589464075,-0.49959038374993675,-0.7389229386611305,-0.308458363377328,-0.3712589965365885,-0.3481302350985385,0.62594956148091,-0.49949436959997556,-0.19678826256792406,-0.22092344380741422,-0.7315351894562527,-0.15854195467585716,0.11117979580742102,-1.5166591061006618,-1.5166581105484336,0.9214877705953216,0.9203166804671158,0.4965258469826965,3.966461659888659,0.0,0.30131384584887344,0.0,0.0,0.0,8.601746147825637e-05,0.25396825396825395,1.0,0.9999999999999998,0.001896774328991151,0.001896774328991151,0.858574000156531,0.03926818384649711,0.5999999999999996,0.7659574468085106,0.2222222222222222,0.1753681392235609,0.010227953803275836,0.0018969220670383884,0.23303311612181848,0.00018301484301512053,0.0007112447772527418,0.004706951175004051,0.3013031121808271,0.002317328510176733,0.00011263091427639068,5.807467670381467e-06,0.10313001993964135,0.5636363636363637,0.09084499994813733,0.1942537924041272,0.19424935476709426,0.8361960989119865,0.8119790450489637,0.11271437442204346,0.7636433005890099
react-bootstrap/react-bootstrap,62,90,2025-10-02T08:08:43.209Z,405.9384578544061,3381.6253205128205,0.95,2.5,0.2587448435257453,0.2,0.1,600.0,33408000,334080.0,67.375,0.1891304347826087,85,12.78630583983106,0.57,14,0.6739130434782609,22.606,541.653217601536,5623805.427355072,10.127243776661864,1,3046152304.891856,56953648.51533887,5485.45417706403,34504.76891762452,20044800000.0,293388.2081380969,31627187484748.37,102.56106651193645,7225,164786.03156521346,17.324305980157398,12.719138757526895,6.0086619648063975,426.85589519650654,0.11210482529118136,0.16012805625171014,Medium,Medium,0.0,0.21395734114162937,-0.04859656381762821,-2.220446049250313e-16,0.0,-0.23000819198114303,-1.3105191119440784,-1.6388841794939506,0.1605575176262903,-0.4426333944557137,-0.4426333944557137,0.029706361586005637,-0.6293753313311867,-0.11749469908920893,-0.9098381071308089,-0.8077029284449554,0.6732020361143315,-0.03904705454102447,-0.44263337120469,-0.8451015795445365,-0.26706258533956173,-0.3509066582330075,-0.16580794584778277,0.2157852653411163,-0.4425395269878991,-0.1619413257398339,-0.22004250489897315,-0.7953178451727451,-0.15854195467585716,-0.14761403148220284,-0.5275904899910367,-0.5275929609639979,0.6868315281079791,0.4254567512785716,-0.11867660624775157,-0.33136234710482765,0.0,0.21746064684169142,0.06469424988761743,0.0,0.0,0.000712267589676097,0.015873015873015872,0.1,0.9999999999999998,0.010831312696596583,0.010831312696596582,0.1924030158357466,0.10628019323671495,0.5999999999999996,0.5425531914893617,0.24074074074074073,0.6014492753623187,0.07026642111216072,0.010831450550337096,0.20748109484129518,0.006090845997576287,0.0037586224005087886,0.030659687461196943,0.21744862496663336,0.011248102279721745,0.004989124663024019,0.00012982170504288753,0.08796857333268915,0.5636363636363637,0.047333563478879466,0.39924228781610727,0.399238010585909,0.7917218976190158,0.6699930172692312,0.025258842642436052,0.00015533422797711985
Semantic-Org/Semantic-UI-React,65,90,2025-10-02T08:08:57.428Z,582.4987422839505,5484.46130952381,0.95,2.5,0.7601351653424464,6.9,0.8,600.0,210960384,2109603.84,60.0,0.319047619047619,75,27.78198032407409,0.8,29,0.2857142857142857,13.264,868.4100267104432,35511787.19317461,14.226338921957677,0,30838792064.960335,505202720.3345381,12354.295363209083,43687.405671296285,126576230400.0,754135.9744912327,1261087029653320.0,202.3887191224079,5625,339304.7847623842,19.16718092499816,14.562011208292379,6.36904229625548,227.93053545586108,0.09983361064891846,0.1583112117120792,Medium,Medium,0.0,0.6758576385191741,0.22343155721496338,-2.220446049250313e-16,0.0,-0.22006436796545442,1.0635455223739763,1.2581333095105083,0.1605575176262903,-0.05587627778225918,-0.055876277782259245,-0.6084655483959112,0.7739170562875641,-1.5861784377043258,0.4543259387628427,0.5384686189633037,-1.1410332459030488,0.24945780219075378,-0.055876294557570434,-0.1800453423436878,0.12338504909381598,-0.14250512404667173,0.10600308792808076,0.49903393655593437,-0.05579752129569047,-0.10595067120956066,-0.1840995492756698,-0.3299943254689557,-1.5447011212407284,0.1505405976287386,0.6665510404332596,0.6665511175972638,0.9468061341134165,-1.205215375368159,-0.2963589282596785,-0.3314584170427046,0.0,0.3121005318853786,0.10492383893183525,0.0,0.0,0.0022129395230472146,0.5476190476190477,0.8,0.9999999999999998,0.07149974982592784,0.07149974982592783,0.0,0.4591416813639036,0.19999999999999973,0.7872340425531915,0.5185185185185185,0.12698412698412695,0.11289436907468103,0.07149987333104355,0.36752770105432164,0.06181388849784681,0.03496280948008036,0.06935073345591047,0.2753563275686297,0.07189097655719107,0.012824478403071242,0.005189693834457344,0.1985782307653738,0.17575757575757578,0.09746279700212437,0.6467329792035941,0.6467302911713884,0.8409946671647492,0.20211787883691157,0.0,0.00013826786104846958
palantir/blueprint,66,90,2025-10-02T08:09:13.189Z,197.82041666666663,74.46055555555556,0.95,2.5,0.4087601900432983,3.4,0.6,600.0,203575296,2035752.96,60.0,0.15,85,20.63573688271605,0.75,28,0.1818181818181818,21.296,40.01996177318079,34268632.35166667,14.172711012906843,1,1371429356.7328866,485679423.1277219,567.1913529588702,16814.735416666663,122145177600.0,1601.5973403268517,1174339163253695.2,200.86573745537092,7225,39132.917250173596,19.131546504238177,14.526376804556516,5.292401988479754,531.25,0.09983361064891846,0.5303427927152922,Medium,Medium,0.0,-0.3305013712173733,-0.47641966636003746,-2.220446049250313e-16,0.0,-0.2270330124842232,-0.17663749555336586,0.4304140269378055,0.1605575176262903,-0.07196299696289113,-0.07196299696289117,-0.6084655483959112,-1.0520402895143643,-0.11749469908920893,0.15776853748161396,0.4487238491360864,-1.6265885795629733,-0.4819563576381149,-0.07196299241788483,-0.18874618341668095,-0.2905900954676011,-0.15158196401370996,-0.36043147351034105,-0.3298835460586551,-0.07188361195236935,-0.19739960576807752,-0.1866356017805799,-0.3370933523539739,-0.15854195467585716,-0.3622847015901233,0.6434607369586597,0.6434607446327288,0.17012906436852201,1.2812177116269146,-0.2963589282596785,-0.31178637020786276,0.0,0.10590516562369001,0.0014245131649154475,0.0,0.0,0.0011612667232815028,0.2698412698412698,0.6,0.9999999999999998,0.06897631568818864,0.06897631568818863,0.0,0.0,0.5999999999999996,0.7340425531914894,0.5,0.0,0.004824490815327439,0.06897644287336246,0.3654338328864317,0.0027330988090375216,0.03360372441610215,0.0029559266688559405,0.10589142996126544,0.06936860567698905,2.7079311603399177e-05,0.00483268086304754,0.19689075764482933,0.5636363636363637,0.011240626788544811,0.6419474198492978,0.6419446968974987,0.693791712010755,0.9155293646717622,0.0,0.0036329132927024168
reduxjs/redux,84,90,2025-10-02T08:09:27.122Z,22.335222222222225,0.0,0.95,2.5,5.379395772496853,3.9,0.1,600.0,34868224,348682.24,65.949,0.1916666666666666,95,13.85484653078403,0.77,49,0.6666666666666666,61.346,5.02351685638844,5869611.230111112,25.12750263949014,1,29486090.95491006,147488671.67739794,126.22843306842373,2121.8461111111114,20920934400.0,25.235721606418796,34452335992646.48,631.3913888975839,9025,498.8621517160495,17.367086514000896,12.761919167270019,3.1499639024857347,471.0743801652894,0.10973211314475874,5.02351685638844,Very High,High,0.0,-0.789589119977715,-0.4860520699924041,-2.220446049250313e-16,0.0,-0.12845287775216993,0.0005315070076830094,-1.6388841794939506,0.1605575176262903,-0.43945263162271575,-0.4394526316227158,-0.09368796297456583,-0.6019803803378333,1.3511890395259079,0.27639149799410545,2.333364015507649,0.6393363108500069,-0.512855925896157,-0.43945258989795266,1.588610096506674,-0.30944251748256996,-0.308814797009525,-0.377881081655891,-0.7831021023127624,-0.439358888430436,-0.19759116723674647,-0.21995991237828574,1.6697024222953762,1.400887107709623,-0.428288624709596,-0.4998696659062223,-0.4998721206248005,-1.3754033875767175,0.7879336673196018,-0.1530325372564305,-0.0741991998409691,0.0,0.011841550565805202,0.0,0.0,0.0,0.01603848509992744,0.3095238095238095,0.1,0.9999999999999998,0.01133026126570586,0.011330261265705858,0.15520075135008216,0.11316872427983521,1.0,0.7553191489361702,0.8888888888888888,0.5925925925925924,0.00025893444068120864,0.011330401950950192,0.7931568203895701,4.2560512659669395e-05,0.010061082299726886,0.00047205549567197664,0.013234877481396264,0.01174684061515825,2.721259654302568e-07,0.00014144867300579112,0.6739158461523339,1.0000000000000002,0.00014327745215334187,0.4049875414094093,0.40498329218003626,0.40086823959838613,0.7739954923835668,0.020374895576929092,0.04583914259425668
reduxjs/redux-toolkit,71,90,2025-10-02T08:09:42.596Z,635.8725378787881,8499.854777777777,0.95,2.5,0.0558645407006061,5.2,0.7,600.0,43160576,431605.76,60.0,0.223972602739726,85,26.714851753349084,0.94,19,0.5342465753424658,11.103,1306.447597171038,7265487.830662101,11.658419665738313,0,9491979118.643919,84704106.20617342,15231.114359115396,54049.16571969699,25896345600.0,1706805.3241539788,52787313417499.08,135.91874910247384,7225,404333.8844284108,17.580438067124902,12.97527017489406,6.456569538028457,363.29039812646374,0.09983361064891846,0.1536842625033713,High,Medium,0.0,0.8154891085129915,0.6135103953315149,-2.220446049250313e-16,0.0,-0.2340318157723504,0.46117091366641016,0.8442736682241566,0.1605575176262903,-0.42138964605355916,-0.42138964605355916,-0.6084655483959112,-0.2530298206201384,-0.11749469908920893,1.284686662350282,-0.3589790793088691,0.02047497519783196,0.636216281236708,-0.4213896387887339,-0.5966764907903792,-0.17650775308455868,-0.33800481789305564,0.219843417624535,0.8186539807641209,-0.42129660859990553,0.009818919733316582,-0.2194238938298691,-0.6398287210043332,-0.15854195467585716,0.26163884201303855,-0.36162265631984164,-0.3616249824121143,1.009947371880682,-0.0956154962403252,-0.2963589282596785,-0.3317030778892131,0.0,0.3407099663103463,0.16261166654578513,0.0,0.0,0.00010504251365075022,0.4126984126984127,0.7,0.9999999999999998,0.014163701316650398,0.014163701316650396,0.0,0.20091324200913235,0.5999999999999996,0.9361702127659574,0.33333333333333337,0.4307458143074582,0.1700397513243881,0.014163836219461785,0.26726489977276485,0.019014450397621393,0.005690428906686696,0.085555378908129,0.3406998378709521,0.014579086786522085,0.029025319507501597,0.00021690672221040663,0.12492909226309759,0.5636363636363637,0.11614192954945377,0.43363979670165187,0.43363569697351556,0.8529617731261437,0.5204861078438026,0.0,9.480502686889957e-05
mobxjs/mobx,68,90,2025-10-02T08:09:56.332Z,429.8242613636364,1766.129099616858,0.95,2.5,0.2334463596181684,3.2,0.3,600.0,21677056,216770.56,78.831,0.2233333333333333,85,29.489669008088548,0.87,38,0.4888888888888889,28.056,314.733829620016,3649098.435722222,19.380911579395487,1,1148494725.335265,70722854.12724277,6099.828522910055,36535.06221590909,13006233600.0,99057.38350728128,13315919393590.37,375.6197336483461,7225,184748.89565679565,16.89176497808876,12.286599359130864,6.065700260696575,364.28571428571433,0.13116638935108155,0.17810460463146432,Medium,Medium,0.0,0.2764451185014223,-0.25758119400377466,-2.220446049250313e-16,0.0,-0.23050992418636226,-0.2475050965777853,-0.8111648969212483,0.1605575176262903,-0.4681865634703171,-0.4681865634703171,1.0210144837219841,-0.25993484936366873,-0.11749469908920893,0.8695063005565623,1.346171547408259,-0.1915028156347524,-0.23940200872791983,-0.4681865152511029,0.6562564692568772,-0.2937220145733041,-0.3445050307574568,-0.14149617017205215,0.27841192632555584,-0.46809169761503633,-0.18555665469217808,-0.22057783031085973,0.4774819928974881,-0.15854195467585716,-0.11350869764170006,-0.8078673344006471,-0.8078697436162774,0.7279783588510591,-0.08745648463814891,0.15732728269714827,-0.33041179473316684,0.0,0.23026392083727518,0.033788012116930395,0.0,0.0,0.0006365486874456293,0.25396825396825395,0.3,0.9999999999999998,0.006822929240975365,0.006822929240975363,0.4912733818580264,0.19917695473251024,0.5999999999999996,0.8617021276595744,0.6851851851851852,0.37530864197530855,0.04066303537417854,0.006823071544518544,0.5687847665918545,0.002286124500465359,0.004717145005156229,0.03412035650695214,0.23025209565438304,0.007241407770071945,0.0016843864423063061,5.4461232182495424e-05,0.3905192678665561,0.5636363636363637,0.05306774996317729,0.34115377130819335,0.34114925783059014,0.7995204220206594,0.5228271049213017,0.06449481570165605,0.00032419532977608664
pmndrs/zustand,82,90,2025-10-02T08:10:10.926Z,47.38629629629631,0.0,0.95,2.5,1.7210789179556518,4.4,0.6,600.0,7809024,78090.24,92.374,0.2571428571428571,95,5.650510400365155,0.71,33,0.8571428571428571,54.939,8.222482173464567,1314650.3118571427,19.0313306515016,1,10809688.753584988,25019544.776052978,156.48477701928172,4501.698148148149,4685414400.0,67.60921309294258,1728305442466.0825,362.1915463667844,9025,2245.4610766803853,15.87079067407393,11.265633165644491,3.8792166392584386,355.6149732620321,0.15370049916805323,8.222482173464567,Very High,High,0.0,-0.724052872107322,-0.4860520699924041,-2.220446049250313e-16,0.0,-0.20100645011347323,0.17770050956873204,0.4304140269378055,0.1605575176262903,-0.49839488818791255,-0.4983948881879125,2.1929144399097935,0.10525661979671705,1.3511890395259079,-0.07947738354336904,0.8974476982721727,1.5295210892265347,-0.5100314490841518,-0.4983947888991732,0.599538835666669,-0.30970489475663193,-0.36575357400044745,-0.376683789724881,-0.7096929122008834,-0.49829884206365005,-0.19758601795617192,-0.22091659135025293,0.414889602856229,1.400887107709623,-0.4253046671397756,-1.4694357285737496,-1.4694351893727466,-0.8493280821943617,-0.15853407737506925,0.48361225720664286,0.0949536322139338,0.0,0.02526943316268295,0.0,0.0,0.0,0.005089064682124669,0.34920634920634924,0.6,0.9999999999999998,0.0020843174096661665,0.0020843174096661665,0.8445905402937568,0.291005291005291,1.0,0.6914893617021276,0.5925925925925926,0.8253968253968252,0.0006762641588961341,0.002084468354515221,0.5551355979038759,5.115132782086342e-06,0.0015355776471644893,0.0006424844754241659,0.02824274152898484,0.0025047925689382806,9.927182704688588e-07,6.7721228137090026e-06,0.3756407531833442,1.0000000000000002,0.0006449751996846091,0.20404102955819803,0.2040365393016106,0.5005748520406184,0.5024334046808933,0.11087861311270841,0.07588833761472716
pmndrs/jotai,76,90,2025-10-02T08:10:25.907Z,116.05820906432744,0.0,0.95,2.5,1.1852038101217488,12.5,0.6,600.0,14820352,148203.52,85.527,0.15,85,5.449117398648647,0.74,22,1.0,20.557,19.11334469634988,2494887.6995,9.94922347972973,1,47685648.57922688,24822195.27915429,190.16293782909193,9864.947770467832,8892211200.0,365.3199454814861,6224464633116.402,98.98704784960535,7225,13469.507891219137,16.511511996711835,11.906348490704264,4.762671324449332,531.25,0.14230782029950084,19.11334469634988,High,Medium,0.0,-0.5443999165656924,-0.4860520699924041,-2.220446049250313e-16,0.0,-0.21163419367936626,3.0478383510577234,0.4304140269378055,0.1605575176262903,-0.4831223193817857,-0.4831223193817857,1.6004313120933622,-1.0520402895143643,-0.11749469908920893,0.09845705722536821,-0.08974476982721727,2.197159673008931,-0.500415530932609,-0.48312225677000786,-0.8739844194461506,-0.309186839206469,-0.3658453264222822,-0.3753510910269042,-0.5442574964628074,-0.4830268699718197,-0.19754983976935386,-0.22078514724388845,-0.8119773067543198,-0.15854195467585716,-0.4061290687940106,-1.0542627170070757,-1.0542646163112328,-0.21201310226013959,1.2812177116269146,0.31865078482485837,0.6708336611197976,0.0,0.062078967940533976,0.0,0.0,0.0,0.0034851790482640504,0.992063492063492,0.6,0.9999999999999998,0.004480040307766593,0.004480040307766593,0.6659622759646238,0.0,0.5999999999999996,0.723404255319149,0.38888888888888884,0.9999999999999999,0.0020970612408562008,0.004480185180634277,0.20053040368846342,7.904983975277277e-05,0.0015218394578219135,0.0008321879834246212,0.06206455899174918,0.004899506021065741,6.055507655073103e-06,2.5276176218214547e-05,0.08400853851707538,0.5636363636363637,0.0038690004321257493,0.2900873256296126,0.29008269889298277,0.6213646269222693,0.9155293646717622,0.08742813235708002,0.1781906821085502
pmndrs/valtio,85,90,2025-10-02T08:10:40.376Z,50.9060725308642,0.0,0.95,2.5,1.5420557135380202,5.1,0.7,543.5,5565440,55654.4,94.565,0.27,70,1.5693100071225063,0.78,11,0.8,9.917,8.81401832062889,936967.1225,4.813262001424501,1,8258445.383541933,4509868.247313306,42.42417946254243,3563.425077160494,3024816640.0,77.68691895638172,877907388645.93,23.167491094356997,4900,2591.428220517607,15.532086784835059,10.926934387036527,3.9494357877756068,249.99999999999997,0.1736730945821855,8.81401832062889,Very High,Low,0.0,-0.7148447668151146,-0.4860520699924041,-2.220446049250313e-16,0.0,-0.2045569279787089,0.42573711315420015,0.8442736682241566,-0.7658619825662627,-0.5032820209839143,-0.5032820209839144,2.382505579539676,0.2441322489140473,-2.320520307011884,0.3357029782503512,-1.0769372379266073,1.2624656557135767,-0.5095091614175083,-0.5032820926776297,-1.7072666668929068,-0.30974073615015546,-0.37528900490922323,-0.3811973500321894,-0.7386349914449122,-0.5043273249812171,-0.19758479330053888,-0.22094145252787112,-1.1653926389709224,-2.172804493590436,-0.4247136034084251,-1.6889082336336716,-1.6889051481985091,-0.798672722074168,-1.0243029933115622,0.7728075189018914,0.12623250042221637,0.0,0.02715610444493235,0.0,0.0,0.0,0.004553244410767467,0.4047619047619047,0.7,0.8695451396906024,0.0013177000780263191,0.001317700078026319,0.9017505413372986,0.325925925925926,0.0,0.7659574468085106,0.18518518518518517,0.7555555555555555,0.0007534346153222344,0.001317824303785473,0.0,0.0,0.00010782726555872628,0.0,0.022325787672295556,0.0015594995149821856,1.1640970509959764e-06,3.272288769643567e-06,0.0,0.0,0.0007443517275766689,0.15855445980584748,0.1585503022511936,0.5101755200589642,0.2540255581402374,0.15198983636432745,0.08144487958563076
TanStack/query,80,90,2025-10-02T08:10:54.407Z,133.24328282828284,0.0,0.95,2.5,1.2110451869577066,5.9,0.3,600.0,95527936,955279.36,60.0,0.42,85,4.036344543279235,0.89,42,0.3,46.84,20.58633257360579,16080660.13,18.813268908655846,1,331041817.4393029,302529783.2543907,387.29621055026695,11325.679040404042,57316761600.0,423.7970888311028,258587630216571.66,353.9390870293967,7225,17753.772418857774,18.374929296702636,13.769760147060055,4.899653697338554,197.67441860465118,0.09983361064891846,20.58633257360579,High,Medium,0.0,-0.49944195386375995,-0.4860520699924041,-2.220446049250313e-16,0.0,-0.21112169454964871,0.7092075172518786,-0.8111648969212483,0.1605575176262903,-0.30731937166399764,-0.30731937166399764,-0.6084655483959112,1.8643479219495611,-0.11749469908920893,0.9881292610690539,1.7051506267171281,-1.0742693875248093,-0.49911497913185454,-0.30731936481220307,0.5641594855823246,-0.30520608218631434,-0.23673253840390615,-0.3675502120725265,-0.4991996114227699,-0.30723079104824746,-0.1975427335525248,-0.2134073722646559,0.3764226718539585,-0.15854195467585716,-0.39880966455893624,0.15318979769537824,0.1531884520956524,-0.11319544959199777,-1.4532370779512784,-0.2963589282596785,0.748721367401062,0.0,0.0712905152074791,0.0,0.0,0.0,0.0035625228406150435,0.46825396825396826,0.3,0.9999999999999998,0.03205727061836732,0.03205727061836732,0.0,0.7333333333333334,0.5999999999999996,0.8829787234042553,0.7592592592592592,0.14444444444444446,0.002289223879340531,0.032057403076244814,0.5466215135388391,0.0006471667216471519,0.020854036830650236,0.0019426070941951812,0.07127624777243402,0.03246511657209216,7.049954372586916e-06,0.0010638829726583793,0.3664969771211406,0.5636363636363637,0.005099624035875134,0.5403367726738753,0.5403333336070115,0.6400934539480361,0.13095508250646548,0.0,0.1920270621875026
apollographql/apollo-client,70,90,2025-10-02T08:11:10.483Z,335.5861111111111,16716.83361111111,0.95,2.5,0.0207687289161658,3.3,0.7,600.0,99578880,995788.8,60.0,0.1928571428571428,85,8.425738203957382,0.73,9,0.7380952380952381,19.651,2437.1272129930194,16762568.998809524,7.708966688410524,1,40852513066.671844,129222086.02400558,18787.732500381968,28524.819444444445,59747328000.0,5939589.052311122,280983719439850.12,59.428167403023124,7225,112618.03797067901,18.41646066191895,13.811291470117073,5.81885401860923,419.01408450704236,0.09983361064891846,0.14578008548746657,Medium,Medium,0.0,0.029908193356622183,1.6764793212378717,-2.220446049250313e-16,0.0,-0.23472785349164205,-0.21207129606557565,0.8442736682241566,0.1605575176262903,-0.2984953199337453,-0.2984953199337453,-0.6084655483959112,-0.589121525789932,-0.11749469908920893,0.03914557696912246,-1.2564267775810418,0.9731556027412053,1.63453231162596,-0.2984953136364852,-1.2374540875528368,0.26406379392508633,-0.3173073622234661,0.3605844869731199,0.03132705495478914,-0.298407084082382,0.5241921814866141,-0.21275262811321782,-0.9963718808386368,-0.15854195467585716,-0.23673986178232756,0.1801011885951585,0.18009990952329646,0.5499060587548275,0.3611742378251759,-0.2963589282596785,-0.33212102988142966,0.0,0.17975036545054446,0.31981160195563546,0.0,0.0,0.0,0.26190476190476186,0.7,0.9999999999999998,0.03344145051976725,0.03344145051976725,0.0,0.11640211640211634,0.5999999999999996,0.7127659574468085,0.14814814814814814,0.6798941798941799,0.3175456348497638,0.03344158270653893,0.11306097841596258,0.08189096666607215,0.008789481326365855,0.10558922047764226,0.1797377642457831,0.03384871324459344,0.10100691168695848,0.0011560546270565134,0.04017705395146507,0.5636363636363637,0.03234868944425361,0.5459142679458295,0.545910866579977,0.7657705279831748,0.651548972393924,0.0,2.055784595718824e-05
typeorm/typeorm,66,90,2025-10-09T12:02:34.555Z,1397.5345987654318,52270.8791954023,0.95,2.5,0.0384208337252455,5.9,0.7,600.0,32322560,323225.6,68.435,0.2965116279069767,85,46.05185525599128,0.68,33,0.1860465116279069,35.865,7668.357459285922,5441089.888585271,23.15658035352384,0,41724222233.778076,125997035.21577092,177572.93568549838,118790.4408950617,19393536000.0,58803706.12338605,29605459175664.88,536.2272136692063,7225,1953102.9547464566,17.291276027339322,12.686108904222653,7.2431802522469155,277.31411229135057,0.1138685524126456,0.14670139236089316,Medium,Medium,0.0,2.808077269329664,6.2758395499691,-2.220446049250313e-16,0.0,-0.23437776810688235,0.7092075172518786,0.8442736682241566,0.1605575176262903,-0.4449977763652353,-0.4449977763652353,0.1214300530545932,0.5304959492645097,-0.11749469908920893,-0.25741182431210563,0.8974476982721727,-1.606827606681465,6.25336592324522,-0.44499775057919255,1.2688385096421175,0.2763100859343661,-0.31880676418215226,6.643968984654183,2.815670813521048,-0.4449038165186922,6.948306918715512,-0.22010160962806097,1.2261166240820685,-0.15854195467585716,2.9076161898884565,-0.548993156796205,-0.5489956379222566,1.5774001229404124,-0.8003980993569904,-0.09313853691451181,-0.3320723136087024,0.0,0.7489762427119031,0.9999999999999999,0.0,0.0,5.2833126407245416e-05,0.46825396825396826,0.7,0.9999999999999998,0.010460425260933309,0.010460425260933305,0.2200568730270538,0.39793281653746765,0.5999999999999996,0.6595744680851064,0.5925925925925926,0.005167958656330657,0.9999999999999999,0.010460563561662339,0.7162033924261988,0.08363870590156304,0.008564974249635378,0.9999999999999999,0.7489723863227841,0.010877371118738087,1.0,0.00012150123260977721,0.5684733505449527,0.5636363636363637,0.561014500417734,0.3948064980288908,0.3948021996765456,0.9605106182255523,0.31826871992782113,0.028889266127315016,2.9212059794867223e-05
evanw/esbuild,66,90,2025-10-02T08:11:39.167Z,741.5002314814816,0.0,0.95,2.5,0.0581403879334969,1.1,0.1,600.0,20802560,208025.6,79.685,0.3379310344827586,75,15.321487409665764,0.41,28,0.5402298850574713,39.354,106.601195981345,3501890.1038218387,16.725143458944647,1,373305673.2626444,58569614.36387882,1782.9202956830686,55612.51736111112,12481536000.0,11363.814984653125,12263234299245.328,279.7304237222789,5625,549822.5932870908,16.850586662092287,12.245421235122299,6.610023182436377,215.55996035678893,0.13258735440931782,106.601195981345,Medium,Medium,0.0,1.0918222784782763,-0.4860520699924041,-2.220446049250313e-16,0.0,-0.233986680030024,-0.9916149073341906,-1.6388841794939506,0.1605575176262903,-0.47009145229176186,-0.47009145229176186,1.09491262760328,0.9778850939439231,-1.5861784377043258,-1.8588217912307399,0.4487238491360864,0.04843779416903598,-0.4231694895430446,-0.47009142353664674,0.2253723130079143,-0.3046123342490649,-0.35015535771014933,-0.3123231344531446,0.8668773056054299,-0.4699965120105998,-0.19621328866468893,-0.2206086053002767,0.030516146962283712,-1.5447011212407284,0.5101974137132442,-0.8345499573436658,-0.8345523352034839,1.1206472277375046,-1.3066220136718287,0.17790229327317345,5.296960032749643,0.0,0.39732854739321616,0.0,0.0,0.0,0.00011185417298766123,0.08730158730158731,0.1,0.9999999999999998,0.0065241199296013665,0.0065241199296013665,0.5135529988781926,0.510429970200085,0.19999999999999973,0.3723404255319149,0.5,0.43805874840357595,0.013510526753938988,0.006524259219666669,0.4650919613505087,0.0007319039274181938,0.0038711154402542853,0.009803926668466514,0.3505586730118666,0.006942724363015299,0.0001930929835438107,5.0128880862641426e-05,0.28427331852259374,0.17575757575757578,0.15793249547867674,0.3356236891261817,0.33561915843772194,0.8739426241799773,0.17302211877639484,0.06741970405645475,0.9999999999999998
swc-project/swc,72,90,2025-10-02T08:11:53.085Z,91.85743540051682,748.3399879227053,0.95,2.5,0.558499432927851,4.0,1.0,600.0,431799296,4317992.96,60.0,0.5181818181818182,75,2.5194649916770695,0.89,18,0.7575757575757576,32.774,121.31513182230717,72686337.4130303,10.988208149850566,1,8817952604.942467,798692605.1446476,1333.0359201900712,6889.307655038761,259079577600.0,14717.361209063765,5283303646520888.0,120.7407183444424,5625,8437.788438360121,19.883471447975104,15.278301491260173,4.531065364296511,141.99655765920826,0.09983361064891846,0.16189598016597623,High,Medium,0.0,-0.6077116890189219,-0.38924493816092487,-2.220446049250313e-16,0.0,-0.22406330881285716,0.03596530751989281,2.0858525920832105,0.1605575176262903,0.4251706050037402,0.42517060500374015,-0.6084655483959112,2.9248527261182615,-1.5861784377043258,0.9881292610690539,-0.4487238491360864,1.0641972278024407,-0.41017804809968506,0.4251705851332265,-0.7054147203473357,-0.18597688088573378,-0.006054775104804608,-0.3301257788684813,-0.6360444342801802,0.4252305665150886,-0.19580576146257467,-0.06651103730574227,-0.7105776017984983,-1.5447011212407284,-0.414725454109476,1.1306911947778164,1.1306927349846576,-0.3790912221928528,-1.9096511622762704,-0.2963589282596785,-0.3312688639603374,0.0,0.049106863568866586,0.014316575489867187,0.0,0.0,0.0016094394728210094,0.31746031746031744,1.0,0.9999999999999998,0.14695889797446474,0.14695889797446474,0.0,1.0,0.19999999999999973,0.8829787234042553,0.31481481481481477,0.7037037037037036,0.015430073260293031,0.14695901095672417,0.24109691031152464,0.01766305634532779,0.055393667784836606,0.007269802411872447,0.043299525867038474,0.14731832973758605,0.0002501224970232488,0.021743224954480257,0.10811174016929001,0.17575757575757578,0.0024236758761403644,0.7429279148730819,0.7429259424869648,0.5896984506519346,0.0,0.0,0.0001719410633802905
prisma/prisma,68,90,2025-10-09T12:02:49.556Z,65.3791975308642,7290.996438172044,0.95,2.5,0.9232464360336612,1.7,0.7,600.0,167664640,1676646.4,60.0,0.3162162162162162,85,2.440683031121399,0.72,16,0.527027027027027,43.981,1051.8784117341345,28223671.952702705,12.733742011629689,1,29687871226.914158,359392957.266585,13394.34832262526,5557.231790123457,100598784000.0,1106448.1930723253,796575658493777.2,162.1481856187429,7225,4274.43946977976,18.93747635781199,14.33230676228811,4.195383717198934,260.5633802816901,0.09983361064891846,0.14425108688037416,Medium,Medium,0.0,-0.6769815476711171,0.45712945814193,-2.220446049250313e-16,0.0,-0.21682946354039107,-0.7790121042609319,0.8442736682241566,0.1605575176262903,-0.15018611883554528,-0.15018611883554533,-0.6084655483959112,0.7433338346601244,-0.11749469908920893,-0.020165903287123293,-0.6282133887905209,-0.01326536789224507,0.41144836722417855,-0.1501861133589117,-0.4222111983813398,0.10721622445122639,-0.21029551165279287,0.14715964729806286,-0.6771337998748411,-0.15010367757065443,-0.06313724234911748,-0.1976794247847863,-0.5175662676616494,-0.15854195467585716,-0.4218382814981983,0.5177076454036271,0.5177072820397599,-0.6212484553485669,-0.937710666365516,-0.2963589282596785,-0.332201879287085,0.0,0.034913992299771546,0.13948486328145313,0.0,0.0,0.002701135037184583,0.1349206349206349,0.7,0.9999999999999998,0.05670588976245709,0.056705889762457086,0.0,0.45145145145145144,0.5999999999999996,0.7021276595744681,0.2777777777777778,0.4219219219219218,0.13682923608138778,0.05670601872594203,0.3092501882192776,0.059506341919812224,0.024812481435150014,0.07520917970604037,0.034899166025082584,0.05710334993686083,0.018815806112314974,0.0032779858956436697,0.15399147039030345,0.5636363636363637,0.0012277843810359328,0.61588457990937,0.6158816683171011,0.5438025928739469,0.27887077153109285,0.0,6.195334089587881e-06
web-infra-dev/rspack,71,90,2025-10-02T08:12:24.091Z,120.31048798798798,19.678333333333335,0.95,2.5,2.001577874364983,4.0,0.7,600.0,73203712,732037.12,60.0,0.37,75,3.0082802619692868,0.82,16,0.6,12.062,21.448628456526613,12322747.415,6.498056052393858,1,264306030.86795875,80073903.42216152,139.3743899574799,9023.2865990991,43922227200.0,460.0436626661232,151850103853889.16,42.22473246005245,5625,14474.613519907802,18.108756701688836,13.503587868090246,4.798353275427346,197.3684210526316,0.09983361064891846,1.037251315702101,High,Medium,0.0,-0.533275507100013,-0.48350643159278867,-2.220446049250313e-16,0.0,-0.19544345430411575,0.03596530751989281,0.8442736682241566,0.1605575176262903,-0.35594756978614916,-0.35594756978614916,-0.6084655483959112,1.324276030937723,-1.5861784377043258,0.5729488992753335,-0.6282133887905209,0.3277716384182222,-0.4983536283559031,-0.3559475842529207,-1.4339178539769786,-0.3061436264506872,-0.34015750804780764,-0.37736087511229016,-0.5702194739207498,-0.3558570892188321,-0.19753832882277522,-0.2165278175543761,-1.0765617149109104,-1.5447011212407284,-0.40441190722570386,-0.01928405944648493,-0.01928580171226933,-0.18627251561459685,-1.4557454644111598,-0.2963589282596785,-0.28498238712049434,0.0,0.06435827548588129,0.0003764683823237513,0.0,0.0,0.005928604044787633,0.31746031746031744,0.7,0.9999999999999998,0.02442923572695687,0.024429235726956867,0.0,0.5975308641975308,0.19999999999999973,0.8085106382978723,0.2777777777777778,0.5111111111111111,0.0024017170332726132,0.024429365855366206,0.0657817299837482,0.0005133643515409871,0.005368104281892075,0.0005461044959116296,0.056756860766206306,0.02484029577906883,7.66635394867179e-06,0.0006246020654816423,0.021115541475232993,0.17575757575757578,0.0041577096616670405,0.5045908639496897,0.5045871894159097,0.6262432187710874,0.13023537212264225,0.0,0.008394513233614427
vercel/turbo,62,90,2025-10-02T08:12:38.758Z,532.9627350427351,2254.571959876543,0.95,2.5,0.4147353032491808,4.0,0.6,600.0,795653120,7956531.2,60.0,0.37,75,13.312442810457512,0.51,18,0.5666666666666667,28.78,399.4284900317895,133935064.42833334,12.233821895424835,0,53497480546.91963,1638537723.7684805,4886.537007007388,39972.20512820513,477391872000.0,159543.1186490754,1.7938601483421804e+16,149.66639816897612,5625,284049.27694423264,20.494673871191797,15.88950380962978,6.280326051960972,197.3684210526316,0.09983361064891846,0.17708523475954716,Medium,Medium,0.0,0.5462662270104095,-0.1943950043995542,-2.220446049250313e-16,0.0,-0.2269145110461064,0.03596530751989281,0.4304140269378055,0.1605575176262903,1.217742648760982,1.217742648760982,-0.6084655483959112,1.324276030937723,-1.5861784377043258,-1.2657069886682828,-0.4487238491360864,0.17198930220232983,-0.16462217189856318,1.2177426227636343,-0.503320560228128,0.4417078638217262,0.3844089697274616,-0.18950805635078496,0.38443443258379295,1.2177716437024266,-0.17820635123408565,0.3034634774771888,-0.5757472337210559,-1.5447011212407284,0.05613993788276473,1.5267366232005708,1.5267394765704976,0.8828071623493164,-1.4557454644111598,-0.2963589282596785,-0.3304656963181031,0.0,0.28554822967325433,0.043132466768893624,0.0,0.0,0.0011791503646216342,0.31746031746031744,0.6,0.9999999999999998,0.2712852649220962,0.27128526492209615,0.0,0.5975308641975308,0.19999999999999973,0.4787234042553191,0.31481481481481477,0.4703703703703703,0.051712107577393404,0.2712853604057865,0.28973111995172834,0.10724358039399715,0.1138582265468757,0.02728608612937022,0.25192746569297375,0.2715923113486043,0.00271299073661237,0.07382641353705963,0.14016157258279488,0.17575757575757578,0.08159105712250146,0.8250099415038565,0.8250085931932538,0.828864995596633,0.13023537212264225,0.0,0.00031461996991966014
testing-library/react-testing-library,72,90,2025-10-02T08:13:00.773Z,466.1148919753087,3273.422777777778,0.95,2.5,0.0363525060798573,4.8,0.6,166.9,1709056,17090.56,98.331,0.3623376623376623,75,12.635678240740738,0.75,18,0.6623376623376623,19.402,535.4891460370237,287747.8588896104,10.29000318061568,0,154085855.23077947,2960926.3831894426,5510.185015906148,34958.61689814815,285241446.40000004,286748.6255234609,82798830295.55513,105.8841654570808,5625,217263.09252115368,14.35145231437945,9.74634005339488,6.1465752487710095,201.4300662713638,0.5856521739130435,0.16353695975705348,High,Medium,0.0,0.37138522989572126,-0.0625939152729863,-2.220446049250313e-16,0.0,-0.23441878821679993,0.31943571161757095,0.4304140269378055,-6.9408988634957405,-0.5116822684096297,-0.5116822684096297,2.708384279606374,1.2415117671203242,-1.5861784377043258,0.15776853748161396,-0.4487238491360864,0.6191048386141769,-0.04448952592655974,-0.5116831331515,-0.8186947378085498,-0.30769206543366573,-0.37600914440563926,-0.1648293069930398,0.2297847124351599,-0.5142728293374366,-0.16274817626315552,-0.22096469733070914,-0.7798279878331934,-1.5447011212407284,-0.057960178474936015,-2.4539328259797135,-2.4539064005182536,0.7863207303001408,-1.4224505056630654,6.7381012220803935,-0.3311820932961813,0.0,0.24971643316386308,0.06262421501541732,0.0,0.0,4.6642577624406414e-05,0.38095238095238093,0.6,0.0,0.0,0.0,1.0000000000000002,0.5767195767195767,0.19999999999999973,0.7340425531914894,0.31481481481481477,0.5873015873015872,0.06946227039650815,0.0,0.21383593397255019,0.0002923776592210241,0.0,0.030798992184831883,0.22031068894538874,0.0,0.004876213690316085,0.0,0.09165058754744368,0.17575757575757578,0.06240721484918122,0.0,0.0,0.8105780028641594,0.13978841664876468,1.0000000000000002,0.00018735545862042457
microsoft/playwright,79,90,2025-10-02T08:13:14.906Z,29.55409523809524,0.0,0.95,2.5,1.6473424035988888,1.8,0.2,600.0,222569472,2225694.72,60.0,0.1646341463414634,95,0.6676734682213076,0.81,11,0.3902439024390244,77.743,5.235919663099161,37465986.98077235,18.122183474132065,1,196168897.93004316,678965490.1049999,94.88629679049875,2807.6390476190477,133541683200.0,27.414854718428437,1403700180443403.5,328.4135338701053,9025,873.4445453424037,19.220749849036615,14.615580107853358,3.4194987269804757,543.9944134078213,0.09983361064891846,5.235919663099161,High,High,0.0,-0.7707037879590467,-0.4860520699924041,-2.220446049250313e-16,0.0,-0.20246882960184714,-0.7435783037487222,-1.2250245382075995,0.1605575176262903,-0.030588544095234173,-0.03058854409523416,-0.6084655483959112,-0.893970467754802,1.3511890395259079,0.5136374190190884,-1.0769372379266073,-0.6525172089891005,-0.5126683881322567,-0.030588518254786614,0.45203457450380136,-0.3071008576673817,-0.06171872630207688,-0.3791213401262179,-0.7619480543845671,-0.030510775625312136,-0.19759090242571936,-0.1799302889433387,0.2574412080223453,1.400887107709623,-0.427648673571984,0.701262498806248,0.7012626811562148,-1.1809637811725444,1.3856888546812345,-0.2963589282596785,-0.062967900739431,0.0,0.015711012571796832,0.0,0.0,0.0,0.004868369721043503,0.14285714285714285,0.2,0.9999999999999998,0.07546649591848875,0.07546649591848874,0.0,0.039747064137308,1.0,0.797872340425532,0.18518518518518517,0.2547425474254743,0.00028664402633988157,0.07546662558085696,0.5196385149798233,0.0003767523424866626,0.0470590441769567,0.00029551042737897295,0.017559636750347184,0.07585605124782478,3.0918372246376364e-07,0.005776621753711648,0.3382145061133745,1.0000000000000002,0.0002508735009434496,0.6539270701994464,0.6539244348112774,0.4377202155052774,0.9455043974941095,0.0,0.04783432939033593
vitest-dev/vitest,64,90,2025-10-02T08:13:32.691Z,71.22099867724867,6704.306944444444,0.95,2.5,1.6036602664316628,1.6,0.4,600.0,46827520,468275.2,60.0,0.2110169491525423,85,13.18467413275952,0.71,20,0.6101694915254238,15.04,968.9402290554464,7882756.735169492,9.908968724856988,1,7637920116.56349,78109989.95445028,9601.198425966184,6053.7848875661375,28096512000.0,938845.1674820209,62137853745859.984,98.18766119019394,7225,5072.430652584657,17.661981643606516,13.056813571757575,4.279730844018015,384.5858895705523,0.09983361064891846,0.14450348613171893,Medium,Medium,0.0,-0.6616987806804905,0.3812338383968337,-2.220446049250313e-16,0.0,-0.2033351556271406,-0.8144459047731417,-0.3973052556348969,0.1605575176262903,-0.41340205018752435,-0.41340205018752435,-0.6084655483959112,-0.39296950726263047,-0.11749469908920893,-0.07947738354336904,-0.26923430948165183,0.37529845285696933,0.33821938516696365,-0.4134020430091665,-0.8805155378652562,-0.2025546834125769,-0.34107057760090054,-0.0029413619896980375,-0.6618170658243515,-0.4133093248171037,-0.08350457517057026,-0.21915053308676147,-0.815703462826656,-0.15854195467585716,-0.42047496230880327,-0.3087842521250092,-0.3087865103464596,-0.56040131928454,0.07895231334611512,-0.2963589282596785,-0.3321885330816899,0.0,0.03804531591950963,0.12826084136411747,0.0,0.0,0.004737628152281255,0.12698412698412698,0.4,0.9999999999999998,0.01541667104033926,0.015416671040339256,0.0,0.16572504708097907,0.5999999999999996,0.6914893617021276,0.35185185185185186,0.5235404896421846,0.1260093099565897,0.015416805762921055,0.19895868196136146,0.015297142165555768,0.005231389390312177,0.05384299389110166,0.03803053775023693,0.015831528567165933,0.015965593719975975,0.0002553891002269081,0.08312281314698408,0.5636363636363637,0.0014570015030899862,0.4445907709813455,0.4445867322706438,0.5553348996590872,0.5705733919405994,0.0,8.566223916430969e-06
nrwl/nx,72,90,2025-10-09T12:03:05.783Z,183.73814814814816,2128.4292916666664,0.95,2.5,0.7633494278135504,4.9,0.4,600.0,789924864,7899248.64,60.0,0.3857142857142857,85,4.402095041989665,0.86,18,0.3214285714285714,27.189,331.66868417751823,132970809.67095238,10.15450472268365,1,44102253477.58399,1350252714.7827547,3367.9312198468806,15617.742592592593,473954918400.0,110004.11606404633,1.7681236224548642e+16,103.11396616300453,7225,33759.70708491084,20.48744839130739,15.882278330647667,5.218939407016291,214.8014440433213,0.09983361064891846,0.1557547299060243,High,Medium,0.0,-0.36734206864528074,-0.21071313534009856,-2.220446049250313e-16,0.0,-0.2200006211020585,0.3548695121297809,-0.3973052556348969,0.1605575176262903,1.2052649578158274,1.2052649578158272,-0.6084655483959112,1.4940129109700147,-0.11749469908920893,0.8101948203003165,-0.4487238491360864,-0.9741235999574499,-0.2244496415493762,1.20526495351083,-0.8406786370313356,0.3097180918585358,0.2503784899504065,-0.24960171665242376,-0.36680612461291207,1.2052944402729393,-0.18422639383020492,0.2959394675328366,-0.7927406312951244,-0.15854195467585716,-0.37146450292728433,1.5220546746878016,1.5220575123153615,0.11713392560689236,-1.3128398805722135,-0.2963589282596785,-0.3315935970445892,0.0,0.09835678475166695,0.0407192173621193,0.0,0.0,0.0022225598792188226,0.3888888888888889,0.4,0.9999999999999998,0.26932795896445433,0.2693279589644543,0.0,0.64021164021164,0.5999999999999996,0.851063829787234,0.31481481481481477,0.1706349206349206,0.04287231787023036,0.26932805811125693,0.20854548142864981,0.0884065558506692,0.09378969786901831,0.018732030974130745,0.09834293312613922,0.26963583010846975,0.0018705436592122847,0.07276722050302371,0.08858118957077624,0.5636363636363637,0.009697211526807217,0.8240395886227752,0.824038232889228,0.6837475877042781,0.1712380781411057,0.0,0.00011425377751140805
colinhacks/zod,76,90,2025-10-09T12:03:20.426Z,98.98057936507934,0.0,0.95,2.5,0.127875012839219,0.8,0.1,600.0,23346176,233461.76,77.201,0.2423076923076923,85,3.201202529522276,0.69,38,0.5512820512820513,40.277,14.779779196845508,3930066.7005512826,16.543896916160868,1,58085518.06302311,65018618.367556885,244.51514347623095,8413.349246031743,14007705600.0,218.44187310750726,15445424270782.045,273.7005251725571,7225,9797.15509144677,16.965943802764567,12.360777857290461,4.60497596077839,336.89024390243907,0.12845424292845256,14.779779196845508,High,Medium,0.0,-0.5890767942795705,-0.4860520699924041,-2.220446049250313e-16,0.0,-0.2326036680178455,-1.09791630887082,-1.6388841794939506,0.1605575176262903,-0.4645507686471848,-0.46455076864718486,0.8799676751429291,-0.05498449072327858,-0.11749469908920893,-0.19810034405586055,1.346171547408259,0.10008976241037977,-0.5042417853784821,-0.4645507239291149,0.1959660319929993,-0.3090407356166906,-0.3471570640987742,-0.3732002873025808,-0.5890336717829849,-0.46445604484598657,-0.19756768857950316,-0.22051557476035266,0.0024091691536219247,-0.15854195467585716,-0.4124030592215242,-0.7598011237923633,-0.7598035769659178,-0.3257728900776105,-0.31202830398097536,0.11805647796773207,0.441686169828275,0.0,0.05292501286633695,0.0,0.0,0.0,0.0003205713935375172,0.06349206349206349,0.1,0.9999999999999998,0.00739325614675946,0.007393256146759458,0.4487490542902608,0.25071225071225073,0.5999999999999996,0.6702127659574467,0.6851851851851852,0.4515669515669516,0.0015317141709395173,0.00739339782523466,0.4580153034462203,9.990112895184582e-05,0.004320053185046415,0.0011383449656022515,0.05291046328858091,0.007811494366678891,3.557738294593274e-06,6.322526172456561e-05,0.27759215357983913,0.5636363636363637,0.0028141439900129382,0.35111568904803936,0.3511112091703579,0.5998038295242937,0.4583925878003835,0.05891218336170062,0.1374837216005784
typescript-eslint/typescript-eslint,71,90,2025-10-02T08:14:15.937Z,302.5032383040936,4037.946097883598,0.95,2.5,0.042713766318726,4.4,0.6,600.0,77237248,772372.48,60.0,0.42,85,10.334397032574744,0.83,24,0.625,15.949,621.2774357077159,13001727.65,10.347679406514947,1,8077680014.162107,134537709.453021,6428.779727205146,25712.775255847955,46342348800.0,385985.65211955504,169044921884774.53,107.07446910001353,7225,91508.20918446324,18.162392398629308,13.557223494405365,5.7153922803078485,197.67441860465118,0.09983361064891846,0.15382167046826012,High,Medium,0.0,-0.056640085816334694,0.036306732871141494,-2.220446049250313e-16,0.0,-0.2342926285172985,0.17770050956873204,0.4304140269378055,0.1605575176262903,-0.34716143738840805,-0.34716143738840805,-0.6084655483959112,1.8643479219495611,-0.11749469908920893,0.6322603795315793,0.08974476982721727,0.44460839058014157,0.03125591389519501,-0.34716143024468693,-0.8093370790051104,-0.1963766732192903,-0.3148360038930009,-0.12847904479701575,-0.055413584055984726,-0.34707130010393217,-0.1506887665849872,-0.21602513128497766,-0.7742796626330916,-0.15854195467585716,-0.27280471473964096,0.015470666265737811,0.015468999433908432,0.47526984166888053,-1.4532370779512784,-0.2963589282596785,-0.3316958121191581,0.0,0.16201727621427026,0.07725039563212037,0.0,0.0,6.568196527503163e-05,0.34920634920634924,0.6,0.9999999999999998,0.025807467433633893,0.02580746743363389,0.0,0.7333333333333334,0.5999999999999996,0.8191489361702127,0.42592592592592593,0.5416666666666666,0.08065401497820109,0.025807600768632654,0.21608786613981085,0.01617884176931237,0.009159520481718426,0.035973284217825696,0.16200440258233662,0.026217946763139235,0.006563812121113295,0.0006953677607412529,0.09296945135664694,0.5636363636363637,0.02628504575282547,0.511793922277662,0.511790294260114,0.7516247882097898,0.13095508250646548,0.0,9.609575631578347e-05
lerna/lerna,62,90,2025-10-02T08:14:30.274Z,141.58593253968257,6435.043269841271,0.95,2.5,6.007961680122747,1.6,0.3,600.0,40100864,401008.64,60.839,0.1596774193548387,85,12.392272579597142,0.57,23,0.5806451612903226,36.024,941.1410234372968,6750436.439779569,14.513383548177492,1,6353112659.582566,97971673.16811465,13659.14064606979,12034.80426587302,24060518400.0,885746.4259966024,45568392127503.87,210.6383020165091,7225,20046.576293131544,17.506908463116464,12.901740745900002,4.9599448533221375,500.9505703422053,0.10122961730449251,0.14622975389979126,Medium,Medium,0.0,-0.47761670366628456,0.34640121623922926,-2.220446049250313e-16,0.0,-0.11598684381468503,-0.8144459047731417,-0.8111648969212483,0.1605575176262903,-0.4280545263796446,-0.4280545263796446,-0.5358653812806804,-0.9475102460927182,-0.11749469908920893,-0.9098381071308089,0.0,0.2373173786799624,0.3136745077212778,-0.4280545173951767,-0.13347388882630476,-0.22060442739556188,-0.3318364140220405,0.1576379031233026,-0.4773258530212214,-0.4279612285225562,-0.0899572017650174,-0.21963493721548855,-0.2915408023419511,-0.15854195467585716,-0.39489254919892747,-0.4092681865322654,-0.40927056536972706,-0.06970203956204692,1.0328409563420342,-0.2761453054572369,-0.33209725260412554,0.0,0.0757623442612077,0.12310952807557311,0.0,0.0,0.01791979627568038,0.12698412698412698,0.3,0.9999999999999998,0.013118218620648634,0.013118218620648632,0.021888288852364823,0.026284348864994034,0.5999999999999996,0.5425531914893617,0.40740740740740744,0.4874551971326164,0.122382689003467,0.013118353932277465,0.37873517895609465,0.012721158698419428,0.0066140306888185394,0.07670071105576855,0.07574814552528931,0.013534044608202112,0.015062610671392513,0.00018719707461813072,0.2077188197105991,0.5636363636363637,0.005758215154198192,0.4237650666856825,0.42376091368923086,0.6483367235584496,0.8442646960340188,0.002873514437559843,2.478176603045736e-05
mswjs/msw,72,90,2025-10-02T08:14:44.506Z,1085.3041260162595,2479.2482484567904,0.95,2.5,0.0707231233356848,3.1,0.7,600.0,13871104,138711.04,86.45400000000001,0.196875,85,40.335149410774385,0.77,17,0.6875,17.165,510.2675853709121,2335097.7818124997,15.191529882154878,0,1191524706.7304373,35473707.730158165,7751.745271057227,92250.85071138205,8322662400.0,260373.0086802611,5452681650625.656,230.7825801604046,7225,1177885.0459479168,16.445318457466616,11.840155408591732,6.990536503661581,410.87613293051356,0.14385024958402665,0.20573246475968704,High,Medium,0.0,1.9912494720753824,-0.16533031797491,-2.220446049250313e-16,0.0,-0.23373713291865983,-0.2829388970899951,0.8442736682241566,0.1605575176262903,-0.48519003827813145,-0.4851900382781315,1.6806462762361745,-0.545722891690766,-0.11749469908920893,0.27639149799410545,-0.5384686189633037,0.7367002709849398,-0.0667585117401136,-0.4851899735508438,-0.02344827752422715,-0.29311750364557293,-0.36089318781062785,-0.07612718188750285,1.997027557148392,-0.48509450808035287,-0.1659533747655365,-0.2208077101292622,-0.19764290769360682,-0.15854195467585716,1.5832037479954477,-1.0971546421915688,-1.0971563948570386,1.3951455622264382,0.29446413700571333,0.3409845492323238,-0.32895090650178804,0.0,0.581614391525549,0.04743077381937097,0.0,0.0,0.00014951456857463795,0.24603174603174602,0.7,0.9999999999999998,0.004155688748464842,0.004155688748464842,0.6901463567347579,0.12731481481481483,0.5999999999999996,0.7553191489361702,0.2962962962962963,0.6180555555555555,0.06617192312405021,0.004155833996324936,0.4052129784268981,0.0023723977549229675,0.0022633285273978847,0.04342533024996425,0.5816079640155573,0.004575291128394184,0.004427676978539551,2.2099884428014003e-05,0.23003880466926852,0.5636363636363637,0.33833883451002233,0.2811977995990771,0.2811931651413617,0.9259680638326409,0.632408400144171,0.09060304044244116,0.0005837151665682053
react-hook-form/react-hook-form,67,90,2025-10-02T08:14:59.046Z,265.76947222222225,224.73555555555555,0.95,2.5,0.5804529217625006,0.9,0.6,600.0,30799872,307998.72,69.922,0.1923076923076923,85,17.052821581196575,0.65,35,0.7692307692307693,43.916,70.86221152850575,5184770.972384615,19.477610470085462,1,367404337.37197506,100986949.37671375,1380.2265532010344,22590.40513888889,18479923200.0,5021.453022710693,26881850036082.105,379.3773096243828,7225,70633.41236527856,17.243021124558677,12.637854152864389,5.586384885539089,420.15209125475286,0.11634276206322795,0.3139169252894497,Medium,Medium,0.0,-0.15273948626663408,-0.45697971664365516,-2.220446049250313e-16,0.0,-0.22362791622547903,-1.0624825083586102,0.4304140269378055,0.1605575176262903,-0.44831460268547935,-0.44831460268547935,0.25010281646382804,-0.5950563817351168,-0.11749469908920893,-0.4353462650808429,1.0769372379266073,1.1186665761296761,-0.45472467156794016,-0.4483145738928528,0.6719453464612949,-0.30469523974700974,-0.33043454120763105,-0.328258370029692,-0.15172657240498721,-0.448220513247267,-0.1969840205563003,-0.22018123367032866,0.4949970644533267,-0.15854195467585716,-0.308468029938544,-0.5802612488706426,-0.5802637409171124,0.38220525489762713,0.3705029422490204,-0.05731296229325965,-0.3232303981282658,0.0,0.14232723430908023,0.004299440893569723,0.0,0.0,0.0016751467334126468,0.07142857142857142,0.6,0.9999999999999998,0.009940133169583032,0.00994013316958303,0.2588505387284443,0.11490978157644821,0.5999999999999996,0.6276595744680852,0.6296296296296297,0.717948717948718,0.008848100365201724,0.009940272011145612,0.5725603142995617,0.000720072003805216,0.0068239346213082395,0.00753561944022793,0.1423140581860032,0.010357298254226106,8.523646605577826e-05,0.00011029215240713661,0.39468268532272405,0.5636363636363637,0.020288913272341055,0.38832605871017756,0.38832173031048534,0.733986334949655,0.6542255796667028,0.03398213378959328,0.0015999362350774852
TanStack/form,62,90,2025-10-02T08:15:14.455Z,153.76791269841274,893.6138888888887,0.95,2.5,0.6739284523671701,3.5,0.5,600.0,39853056,398530.56,61.081,0.3814285714285714,70,7.048459896584896,0.77,29,0.4285714285714285,5.844,150.7865328628098,6708719.670404762,8.618206265031265,1,1011584579.0488662,57817129.89382081,1299.50944220061,10763.753888888892,23911833600.0,22736.57849278722,45006919616075.78,74.27347922662415,4900,23644.570975626684,17.500709672930753,12.895541971065198,5.041926657359684,178.83211678832117,0.10163227953410982,0.1685492867208744,Medium,Low,0.0,-0.44574736070422005,-0.3704519431192659,-2.220446049250313e-16,0.0,-0.2217740626793275,-0.14120369504115604,0.016554385651454295,0.1605575176262903,-0.4285943192306863,-0.42859431923068636,-0.5149246894548327,1.4477210345975715,-2.320520307011884,0.27639149799410545,0.5384686189633037,-0.4733946621206532,-0.3841567316409328,-0.42859434159264104,-1.0899348351062472,-0.29564541023521085,-0.35050520543515423,-0.33145247523461085,-0.5165328193845471,-0.4285010002833599,-0.194831255979694,-0.21965135172604822,-0.9271738924234139,-2.172804493590436,-0.3887455950725106,-0.41328486320360763,-0.41328724610107165,-0.010561222640723157,-1.6076950938312737,-0.2703149160434217,-0.330917054692421,0.0,0.08229213212121063,0.01709582663701379,0.0,0.0,0.001954920991374257,0.2777777777777778,0.5,0.9999999999999998,0.013033544319299093,0.013033544319299092,0.02820171662622961,0.6285714285714286,0.0,0.7553191489361702,0.5185185185185185,0.3015873015873014,0.019274845013827903,0.01303367472505276,0.14856166901098827,0.002011625569593869,0.003818732362063254,0.007080953308104043,0.06773262567004501,0.013449405984656788,0.0003864951692851385,0.00018488632072884853,0.056625751405036666,0.0,0.00679171277178899,0.42293259410086503,0.42292843669384017,0.6595456331042144,0.08663773361644533,0.003702346969013337,0.00023443830432626125
JedWatson/react-select,67,90,2025-10-02T08:15:29.766Z,1865.8448251028808,11630.094429429426,0.95,2.5,1.2787177458647094,5.1,0.6,600.0,20222976,202229.76,80.251,0.174,85,52.0443284970238,0.56,25,0.3066666666666666,28.02,1929.4811388968817,3404328.5308333333,21.186199032738095,0,6568587690.851448,72124781.82706386,40878.37143858351,158596.81013374488,12133785600.0,3722897.4653588077,11589452745845.842,448.8550294547926,7225,3481376.9113632,16.822329991184144,12.217164700605748,7.532005025520232,461.95652173913044,0.13352911813643928,0.1658899040502016,Medium,Medium,0.0,4.033226138505459,1.018446022869922,-2.220446049250313e-16,0.0,-0.20977957846327447,0.42573711315420015,0.4304140269378055,0.1605575176262903,-0.4713539430094876,-0.47135394300948763,1.1438896175761295,-0.7928057818286821,-0.11749469908920893,-0.969149587387054,0.17948953965443454,-1.0431129202816312,1.1863140838958022,-0.47135389181094417,0.9491546914813077,-0.21757730521628366,-0.34385324160310277,1.2347464080076858,4.043542665060309,-0.4712589534015704,0.25481700072863683,-0.22062830313801243,0.8188513902545208,-0.15854195467585716,5.51857888797839,-0.8528596447901247,-0.8528619981210588,1.7857552968601889,0.7131908712797537,0.19153865859639377,-0.3310576758200902,0.0,1.0,0.22249662925991873,0.0,0.0,0.00376506825362417,0.4047619047619047,0.6,0.9999999999999998,0.006326080034709466,0.006326080034709466,0.52831911507657,0.06518518518518518,0.5999999999999996,0.5319148936170214,0.4444444444444444,0.15259259259259247,0.25131928599735054,0.006326222871692635,0.6392710861099615,0.01315317683087456,0.004814738100083808,0.23002213485839357,1.0,0.006744767912905157,0.06331044523670973,4.735591635706939e-05,0.47166442924524477,0.5636363636363637,1.0,0.3318289318970258,0.33182439002277353,1.0,0.7525501659610967,0.06935821320026747,0.00020945763070703382
pmndrs/react-spring,57,90,2025-10-02T08:15:44.718Z,940.0684722222225,2449.6659567901233,0.95,2.5,0.3819250670506924,8.6,0.4,600.0,692545536,6925455.36,60.0,0.2019230769230769,85,45.39958455165694,0.57,21,0.3461538461538461,28.911,486.080907725628,116578622.76032051,19.245347679562155,0,56666642772.74015,2243596127.026886,9354.79606957688,79905.82013888891,415527321600.0,236274.64885537047,1.359057528469312e+16,370.3834073072284,7225,883728.7324662234,20.355884551264566,15.750714508227354,6.847015902317728,401.08892921960074,0.09983361064891846,0.1983464561454535,Low,Medium,0.0,1.6112977071921673,-0.16915715718632482,-2.220446049250313e-16,0.0,-0.2275652200855007,1.6659201310815421,-0.3973052556348969,0.1605575176262903,0.9931464422971701,0.9931464422971701,-0.6084655483959112,-0.4911964026943788,-0.11749469908920893,-0.9098381071308089,-0.17948953965443454,-0.8585707681489585,-0.08811376364106072,0.993146439150002,0.634261952436038,0.48623015119311447,0.6657148495135253,-0.012691897400252979,1.6162313218658855,0.9931842124334785,-0.16888183809891602,0.17635000264078368,0.45307406844318765,-0.15854195467585716,1.080655655369045,1.4368042643237882,1.4368068160825083,1.2916112998597822,0.21423444527607707,-0.2963589282596785,-0.3293414591182888,0.0,0.5037651423372507,0.04686483170930849,0.0,0.0,0.0010809486274761199,0.6825396825396824,0.4,0.9999999999999998,0.23605410757834996,0.23605410757834996,0.0,0.14102564102564102,0.5999999999999996,0.5425531914893617,0.37037037037037035,0.20085470085470078,0.063016584329853,0.23605421133275376,0.5634917589098477,0.11359761379723561,0.15597846013200517,0.05245505018329047,0.503757518856803,0.23637599877256132,0.004017866692800169,0.055932005093343534,0.3847173858463831,0.5636363636363637,0.25384458812836924,0.8063710941734115,0.8063696034407701,0.9063453017172786,0.6093887645528171,0.0,0.0005143353542622574
recharts/recharts,79,90,2025-10-02T08:15:59.569Z,20.52830808080808,6269.200454545455,0.95,2.5,7.35569630997354,1.7,0.2,600.0,43832320,438323.2,60.0,0.175,85,0.9244851487723676,0.89,10,0.3055555555555556,26.004,900.3477798480337,7378564.729166667,7.624808140865585,1,6643274372.370217,56260140.41485367,6864.979081395543,1744.906186868687,26299392000.0,810626.1246772835,54443217462502.37,58.13769918501009,7225,421.41143266057037,17.595882025590253,12.990714098206908,3.069368724024924,459.4594594594595,0.09983361064891846,0.14359154645452282,High,Medium,0.0,-0.7943161976551864,0.3249473750136499,-2.220446049250313e-16,0.0,-0.08925789553637167,-0.7790121042609319,-1.2250245382075995,0.1605575176262903,-0.41992640592842123,-0.4199264059284213,-0.6084655483959112,-0.7820043440084453,-0.11749469908920893,0.9881292610690539,-1.1666820077538245,-1.0483056648221603,0.2776567459814688,-0.4199263987799367,-1.2511083612338851,-0.21652806202188296,-0.3512290864569528,-0.11121793856646149,-0.7947292346423506,-0.41983342564499965,-0.09908591631673666,-0.21937548388302527,-1.0023871000446298,-0.15854195467585716,-0.42842094453191487,-0.35161531846479416,-0.35161763243727967,-1.433543907293864,0.6927214355915678,-0.2963589282596785,-0.33223675404183517,0.0,0.010873008024203858,0.11993677074207099,0.0,0.0,0.021953594784836262,0.1349206349206349,0.2,0.9999999999999998,0.014393231654192954,0.014393231654192953,0.0,0.06790123456790126,0.5999999999999996,0.8829787234042553,0.16666666666666666,0.1512345679012346,0.11706089549689024,0.014393366508223253,0.10977506056313041,0.013302920401992768,0.0037103448738629173,0.038430323013523456,0.010857812416384156,0.01480852041067801,0.013785134844315627,0.00022372163591390603,0.03874720717264563,0.5636363636363637,0.00012103030042352827,0.43571385819402253,0.43570976987003984,0.3898489155447429,0.7466770416832349,0.0,0.0
clauderic/dnd-kit,77,90,2025-10-02T08:16:13.605Z,97.50563829787237,0.0,0.95,2.5,0.4929338510702599,2.4,0.6,600.0,9438208,94382.08,90.783,0.1605882352941176,85,19.67236318850902,0.78,21,0.2470588235294117,15.775,14.921224592706087,1588894.3372647057,11.494884402407688,1,23708249.260405567,18264156.734497968,171.51775183551922,8287.979255319151,5662924800.0,222.64294334597693,2524585214991.848,132.13236742471557,7225,9507.349499875514,16.060276795545427,11.455117098780534,4.59011378814257,498.2758620689657,0.1510532445923461,14.921224592706087,High,Medium,0.0,-0.5929353954353085,-0.4860520699924041,-2.220446049250313e-16,0.0,-0.22536363827497324,-0.5309755006754636,0.4304140269378055,0.1605575176262903,-0.4948460847746589,-0.4948460847746589,2.0552423709225085,-0.9376721243589168,-0.11749469908920893,0.3357029782503512,-0.17948953965443454,-1.3216883921029916,-0.5041168983599701,-0.49484601071851103,-0.6232092115556266,-0.30952368806014824,-0.36889431275573464,-0.3760889108632514,-0.592900848960102,-0.4947501773056389,-0.19756717806010504,-0.22089331230725698,-0.6574780636780645,-0.15854195467585716,-0.41289817437153664,-1.3466529821255424,-1.3466534327498638,-0.33649430614337,1.0109152841513704,0.4452810606885447,0.4491654285633501,0.0,0.052134414609782916,0.0,0.0,0.0,0.0014132002870857812,0.19047619047619047,0.6,0.9999999999999998,0.0026409984569683103,0.00264099845696831,0.8030836659622758,0.02875816993464042,0.5999999999999996,0.7659574468085106,0.37037037037037035,0.07973856209150318,0.0015501668146372138,0.0026411453696737457,0.26087976769739524,3.0976189576934076e-05,0.0010653114369339244,0.0007271627354523098,0.05211985288634575,0.0030612390567920545,3.629180575617737e-06,1.0049231744012052e-05,0.12073375791099741,0.5636363636363637,0.00273089945663145,0.22948825338779222,0.22948366708664336,0.5977718085083601,0.8379737459749632,0.10542955295757411,0.13881237629473026
floating-ui/floating-ui,71,90,2025-10-02T08:16:28.215Z,56.9312962962963,2761.612222222222,0.95,2.5,0.2010220245975493,2.5,0.4,600.0,42065920,420659.2,60.0,0.1583333333333333,85,5.1552642746913575,0.84,14,0.5833333333333334,31.92,403.58493436330224,7081220.726388889,10.49971952160494,1,2857874002.0717154,74350831.49765894,4237.528613960013,4839.160185185186,25239552000.0,162880.79924503097,50143686975839.59,110.24411003237186,7225,3241.172497976681,17.55474849341416,12.949580660872305,4.059257761800971,504.95049504950504,0.09983361064891846,0.14608815928522242,High,Medium,0.0,-0.699082146937087,-0.12880300836441003,-2.220446049250313e-16,0.0,-0.23115297984029376,-0.4955417001632538,-0.3973052556348969,0.1605575176262903,-0.423774102903822,-0.423774102903822,-0.6084655483959112,-0.9620283076790582,-0.11749469908920893,0.6915718597878251,-0.8077029284449554,0.24988047031027627,-0.16095230384088788,-0.42377409576309005,-0.7846693844868762,-0.26970763160310074,-0.34281829876508585,-0.2151903566781307,-0.6992835193281919,-0.4236809722870922,-0.17780075204331866,-0.21950117959766574,-0.7595051143363657,-0.15854195467585716,-0.4236035550009402,-0.3782689224990939,-0.37827126796348415,-0.7194482973860036,1.065629966940699,-0.2963589282596785,-0.3321047397531516,0.0,0.030385746299924566,0.052832710387338014,0.0,0.0,0.0005395019607609969,0.1984126984126984,0.4,0.9999999999999998,0.013789664836722056,0.013789664836722055,0.0,0.02263374485596703,0.5999999999999996,0.8297872340425532,0.24074074074074073,0.4907407407407407,0.052254347823758956,0.013789799769820732,0.22202417734164198,0.005713356131176505,0.004969701210409411,0.023630329225716454,0.030370850459395343,0.014205207908133849,0.002769750443441984,0.00020602681276241517,0.09648143314270363,0.5636363636363637,0.0009309860119640846,0.4301897902989269,0.43018567176437217,0.5251908589800725,0.8536725730819059,0.0,2.34517096636955e-05
rjsf-team/react-jsonschema-form,71,90,2025-10-02T08:16:41.559Z,29.11274305555556,6703.477232510288,0.95,2.5,334.1313165888839,2.0,0.4,600.0,407065600,4070656.0,60.0,0.174,85,5.236499099794238,0.9,20,0.6,15.278,1010.3673274506752,68522833.529,8.402899819958849,1,69233232182.04326,575790505.5239043,8490.015433927583,2474.5831597222223,244239360000.0,1020842.1363798201,4695378714843046.0,70.60872538426446,7225,847.5518082187984,19.824484912236656,15.21931496945258,3.404948439491829,461.95652173913044,0.09983361064891846,0.15070038907006236,High,Medium,0.0,-0.7718584117467346,0.38112650478659205,-2.220446049250313e-16,0.0,6.391519892310292,-0.6727107027243027,-0.3973052556348969,0.1605575176262903,0.3712939251522449,0.3712939251522449,-0.6084655483959112,-0.7928057818286821,-0.11749469908920893,1.0474407413252995,-0.26923430948165183,0.3277716384182222,0.3747967991768588,0.37129392650122695,-1.1248671528811298,0.6627731190477752,-0.1096872028213648,-0.04691265053679519,-0.772221534673257,0.3713559916785077,-0.0735401992292066,-0.08369887785518003,-0.9442562950661854,-0.15854195467585716,-0.427692909731665,1.0924692458287928,1.0924706617737827,-1.1914602065515785,0.7131908712797537,-0.2963589282596785,-0.3318608572308782,0.0,0.01547443887146388,0.1282449680528794,0.0,0.0,1.0,0.15873015873015872,0.4,0.9999999999999998,0.13850756295464325,0.13850756295464325,0.0,0.06518518518518518,0.5999999999999996,0.8936170212765958,0.35185185185185186,0.5111111111111111,0.13141379471528816,0.13850768038965544,0.14015516352424023,0.13879308287765524,0.03987667231451368,0.047583883935228964,0.015459313953797344,0.13887055571645462,0.017360012323480365,0.01932360548099059,0.05256518144793041,0.5636363636363637,0.0002434360018664379,0.7350062604204395,0.7350042283173799,0.4357308367859408,0.7525501659610967,0.0,6.677627824968864e-05
